text,
Bugün hava oldukça sakindi,
Sabah erkenden penceremi açtım,
Güneş bulutların arasından görünüyordu,
Kuşlar bahçede neşeyle ötüyordu,
Çocuklar parkta oyun oynuyordu,
Annem mutfakta kahvaltı hazırlıyordu,
Babam gazeteyi dikkatle okuyordu,
Kardeşim odasında müzik dinliyordu,
Ben bilgisayarımın başında çalışıyordum,
Öğleden sonra arkadaşımı ziyaret ettim,
Akşam yemeğinde çorba içtik,
Gece gökyüzünde yıldızlar parlıyordu,
Bugün yeni bir kitap okumaya başladım,
Kitabın ilk bölümü oldukça ilginçti,
Yazar sade bir dil kullanmış,
Hikayenin kahramanı küçük bir kasabada yaşıyordu,
Kasabanın yanında büyük bir orman vardı,
Ormanda birçok farklı hayvan bulunuyordu,
Tilki sessizce ağaçların arasında ilerledi,
Geyik dere kenarında su içti,
Yağmur sabaha kadar devam etti,
Toprak yağmurdan sonra güzel kokuyordu,
Bahçedeki çiçekler yeniden canlandı,
Rüzgar yaprakları yavaşça hareket ettirdi,
Denizin sesi uzaktan duyuluyordu,
Sahilde yürüyüş yapmak beni rahatlatıyor,
Bugün uzun bir yürüyüş yaptım,
Yol boyunca birçok insanla karşılaştım,
Bir çocuk elindeki balonu düşürdü,
Balon gökyüzüne doğru yükseldi,
Çocuk balonun arkasından baktı,
Arkadaşı ona yeni bir balon verdi,
İki çocuk daha sonra birlikte oynadı,
Parkın ortasında büyük bir çeşme vardı,
Çeşmenin çevresinde banklar bulunuyordu,
Yaşlı bir adam bankta oturuyordu,
Adam elindeki kitabı okuyordu,
Yanında küçük bir köpek vardı,
Köpek çimenlerin üzerinde koştu,
Bir süre sonra köpek sahibinin yanına döndü,
Hava akşama doğru serinledi,
İnsanlar yavaş yavaş parktan ayrıldı,
Ben eve yürüyerek gittim,
Evin kapısını sessizce açtım,
İçeride güzel bir yemek kokusu vardı,
Akşam annem sebzeli pilav yaptı,
Pilavın yanında yoğurt da vardı,
Yemekten sonra çay içtik,
Çayın yanında küçük kurabiyeler yedik,
Kurabiyeler fırından yeni çıkmıştı,
Gece biraz müzik dinledim,
En sevdiğim şarkıyı tekrar açtım,
Şarkının melodisi beni geçmişe götürdü,
Eski günleri hatırlamak hoşuma gitti,
Çocukluk arkadaşımı uzun zamandır görmemiştim,
Geçen hafta onunla telefonda konuştum,
Yakında birlikte kahve içmeye karar verdik,
Kahve dükkanında sakin bir masa seçtik,
Dışarıda insanlar hızlıca yürüyordu,
Masamızın yanında büyük bir pencere vardı,
Pencereden caddeyi rahatça görebiliyorduk,
Garson bize iki kahve getirdi,
Kahveler sıcak ve aromalıydı,
Arkadaşım yeni işinden bahsetti,
Yeni işinin oldukça yoğun olduğunu söyledi,
Ben de kendi projelerimden söz ettim,
Konuşmamız yaklaşık iki saat sürdü,
Zamanın nasıl geçtiğini anlamadık,
Sonunda birbirimize veda ettik,
Eve dönerken hafif bir yağmur başladı,
Şemsiyemi çantamdan çıkardım,
Yağmur kaldırımları ıslattı,
Sokak lambaları su birikintilerinde parlıyordu,
Gece şehri her zaman farklı görünüyor,
Evime vardığımda saat geç olmuştu,
Üzerimi değiştirip biraz dinlendim,
Ertesi gün erken kalkmam gerekiyordu,
Alarmı saat yediye kurdum,
Sabah alarm çaldığında hemen uyandım,
Yatağımı topladıktan sonra banyoya gittim,
Yüzümü yıkayıp mutfağa geçtim,
Bir bardak su içtim,
Kahvaltı için yumurta hazırladım,
Yanına birkaç dilim ekmek koydum,
Biraz peynir ve zeytin de yedim,
Kahvaltıdan sonra bilgisayarımı açtım,
Bugün önemli bir toplantım vardı,
Toplantı saat dokuzda başladı,
Arkadaşlarım toplantıya zamanında katıldı,
Yönetici yeni planı bize anlattı,
Herkes dikkatle not aldı,
Toplantıda birçok fikir ortaya çıktı,
Ben de bir öneride bulundum,
Önerim olumlu karşılandı,
Toplantı yaklaşık bir saat sürdü,
Toplantıdan sonra kısa bir mola verdim,
Pencereden dışarı baktım,
Sokakta trafik oldukça yoğundu,
Otobüs durağında birçok insan bekliyordu,
Bir taksi köşeden dönerek geçti,
Bisikletli bir adam yoldan ilerledi,
Hava güneşli olmasına rağmen serindi,
Öğle saatlerinde dışarı çıktım,
Yakındaki restorana gittim,
Restoranda boş bir masa buldum,
Menüyü dikkatlice inceledim,
Sebzeli makarna sipariş ettim,
Yemeğin yanında su istedim,
Garson siparişimi kısa sürede getirdi,
Makarna oldukça lezzetliydi,
Yemeğimi yavaşça yedim,
Sonra hesabı ödeyip restorandan çıktım,
Öğleden sonra kütüphaneye gittim,
Kütüphane oldukça sessizdi,
Raflarda binlerce kitap vardı,
İlgimi çeken bir roman buldum,
Kitabı masaya götürdüm,
Yaklaşık bir saat kitap okudum,
Yanımdaki öğrenci not çıkarıyordu,
Başka bir öğrenci bilgisayarda çalışıyordu,
Kütüphanenin büyük pencereleri vardı,
Pencerelerden bahçeyi görebiliyordum,
Bahçede renkli çiçekler açmıştı,
Çalışmam bitince kütüphaneden ayrıldım,
Eve dönerken markete uğradım,
Markette taze meyveler gördüm,
Elma ve muz satın aldım,
Bir şişe süt de aldım,
Kasada kısa bir sıra vardı,
Sıram gelince alışverişimi ödedim,
Poşetleri dikkatlice taşıdım,
Eve geldiğimde hava kararmıştı,
Akşam için hafif bir yemek hazırladım,
Sebzeleri küçük parçalar halinde doğradım,
Tencereye biraz yağ koydum,
Sebzeleri birkaç dakika pişirdim,
Sonra üzerine su ekledim,
Yemek kısa sürede hazır oldu,
Mutfağı topladıktan sonra salona geçtim,
Televizyonda bir belgesel vardı,
Belgeselde okyanuslardaki canlılar anlatılıyordu,
Deniz canlılarının çeşitliliği beni şaşırttı,
Özellikle büyük balinalar dikkatimi çekti,
Belgesel yaklaşık bir saat sürdü,
Program bitince televizyonu kapattım,
Biraz müzik dinleyerek dinlendim,
Sonra ertesi gün için hazırlık yaptım,
Çantamı akşamdan hazırlamak işimi kolaylaştırıyor,
Kitaplarımı çantama yerleştirdim,
Defterimi de yanına koydum,
Kalemlerimi kontrol ettim,
Telefonumu şarja taktım,
Uyumadan önce birkaç sayfa kitap okudum,
Kitabın konusu giderek daha ilginç hale geldi,
Bir süre sonra gözlerim yoruldu,
Kitabı kapatıp yatağa girdim,
O gece çok rahat uyudum,
Sabah dışarıda kuş sesleri vardı,
Pencerenin önünde küçük bir serçe duruyordu,
Serçe kısa süre sonra uçup gitti,
Bugün hava dünden daha sıcaktı,
İnsanlar ince kıyafetlerle dışarı çıkmıştı,
Ben de hafif bir ceket giydim,
Evden çıkarken anahtarlarımı kontrol ettim,
Kapıyı kilitleyip yola koyuldum,
Otobüs durağı evime oldukça yakındı,
Otobüs birkaç dakika içinde geldi,
Arka tarafta boş bir koltuk buldum,
Otobüs yavaşça hareket etti,
Yol boyunca müzik dinledim,
Şehir sabah saatlerinde çok hareketliydi,
İnsanlar işe yetişmeye çalışıyordu,
Öğrenciler okula doğru ilerliyordu,
Bazı dükkanlar yeni açılıyordu,
Fırından taze ekmek kokusu geliyordu,
Otobüs merkezde durdu,
Oradan yürüyerek ofise gittim,
Ofisin girişinde birkaç arkadaşım vardı,
Hepimiz birbirimize günaydın dedik,
Masama geçip bilgisayarımı açtım,
Önce e-postalarımı kontrol ettim,
Birçok yeni mesaj gelmişti,
Birkaç mesaja hemen cevap verdim,
Diğer mesajları daha sonra okumaya karar verdim,
Sabah işlerim oldukça yoğun geçti,
Öğleye kadar birçok görev tamamladım,
Öğle arasında arkadaşlarımla dışarı çıktım,
Yakındaki parkta oturduk,
Yanımızda sandviçlerimiz vardı,
Sandviçlerimizi paylaşarak yedik,
Biraz da sohbet ettik,
Hava açık ve güzeldi,
Parkta çocuklar oynuyordu,
Bir adam gazete okuyordu,
Bir kadın köpeğini gezdiriyordu,
Öğle molası kısa sürede sona erdi,
Tekrar ofise döndük,
Öğleden sonra yeni bir görev aldım,
Görevi dikkatlice incelemem gerekti,
Önce gerekli bilgileri topladım,
Sonra bir çalışma planı hazırladım,
Planımı arkadaşlarımla paylaştım,
Onlardan birkaç yararlı öneri aldım,
Önerileri plana ekledim,
Çalışmaya başladığımda zaman hızla geçti,
Saatin ilerlediğini fark etmedim,
Akşamüstü işimi tamamladım,
Bilgisayarımı kapattım,
Masamı düzenledim,
Ofisten çıkmadan önce ışıkları kontrol ettim,
Sonra asansöre bindim,
Asansör beni giriş katına indirdi,
Dışarı çıktığımda hava serinlemişti,
Yürüyerek eve dönmeye karar verdim,
Yol boyunca birkaç mağazaya baktım,
Bir kitapçıda yeni kitaplar gördüm,
Vitrindeki bir roman ilgimi çekti,
İçeri girip romana göz attım,
Kitabın kapağı oldukça güzeldi,
Fiyatını kontrol edip kitabı satın aldım,
Kitabı çantama koydum,
Eve doğru yürümeye devam ettim,
Yolda eski bir arkadaşımla karşılaştım,
Arkadaşım beni görünce gülümsedi,
Bir süre ayakta konuştuk,
İkimiz de eski günleri hatırladık,
Sonra tekrar görüşmek üzere ayrıldık,
Eve geldiğimde kardeşim film izliyordu,
Filmin konusu oldukça komikti,
Ben de yanına oturdum,
Birlikte filmin son bölümünü izledik,
Film bitince kahkaha attık,
Akşam yemeğini birlikte hazırladık,
Masaya salata ve çorba koyduk,
Yemek sırasında günümüzü anlattık,
Yemekten sonra mutfağı temizledik,
Ardından balkona çıktım,
Gece havası çok hoştu,
Gökyüzünde birkaç parlak yıldız vardı,
Uzakta şehrin ışıkları görünüyordu,
Bir süre sessizce manzarayı izledim,
Sonra içeri dönüp kapıyı kapattım,
Gece için alarmımı yeniden kurdum,
Yatağa uzandığımda oldukça yorgundum,
Kısa sürede uykuya daldım,
Ertesi sabah yeni bir hafta başladı,
Haftanın ilk günü her zaman yoğun geçiyor,
Masamda yapılacak birçok iş vardı,
Öncelikle en acil işi seçtim,
İşimi tamamlamak için odaklandım,
Bir saat boyunca ara vermeden çalıştım,
Sonunda ilk görevimi bitirdim,
Ardından kısa bir kahve molası verdim,
Kahvemi pencerenin yanında içtim,
Dışarıda hafif bir rüzgar esiyordu,
Ağaçların dalları yavaşça sallanıyordu,
Bulutlar gökyüzünü kaplamaya başlamıştı,
Biraz sonra yağmur yağacağını düşündüm,
Şemsiyemi çantama koydum,
Öğleden sonra gerçekten yağmur başladı,
Yağmur hızla şiddetlendi,
Sokaklar kısa sürede ıslandı,
İnsanlar kapalı yerlere sığındı,
Ben ofiste kalmaya devam ettim,
Yağmurun sesini pencereden duyabiliyordum,
Bir süre yağmuru izlemek hoşuma gitti,
Akşam yağmur yavaşladı,
İşten çıkıp eve gittim,
Yol boyunca su birikintilerine dikkat ettim,
Evde sıcak bir çay hazırladım,
Çayı koltuğa oturarak içtim,
Bugün oldukça yorucu bir gündü,
Dinlenmeye ihtiyacım vardı,
Bir süre gözlerimi kapattım,
Sonra telefonuma gelen mesajı gördüm,
Arkadaşım hafta sonu için plan önerdi,
Birlikte müzeye gitmeyi düşündük,
Müze şehir merkezinde bulunuyordu,
Cumartesi sabahı buluşmaya karar verdik,
Ertesi gün hava yeniden açtı,
Güneşli bir sabah başladı,
Ben erkenden dışarı çıktım,
Mahallede sessiz bir yürüyüş yaptım,
Fırından sıcak simit aldım,
Simitin kokusu çok güzeldi,
Yakındaki bankta oturup simidimi yedim,
Çevremde insanlar yavaşça güne başlıyordu,
Bir bisikletli önümden geçti,
İki çocuk okul servisini bekliyordu,
Bir kedi kaldırımda güneşleniyordu,
Kedi beni görünce kısa süre baktı,
Sonra tekrar gözlerini kapattı,
Yürüyüşümü tamamlayıp eve döndüm,
Evde kahvaltı hazırladım,
Bugün kahvaltıda omlet yaptım,
Omlete biraz domates ekledim,
Yanında taze ekmek yedim,
Kahvaltıdan sonra odamı temizledim,
Masanın üzerindeki kitapları düzenledim,
Eski kağıtları çöpe attım,
Rafları dikkatlice sildim,
Odam çok daha düzenli görünüyordu,
Temizlik bittikten sonra dinlendim,
Öğleden sonra dışarı çıkmak istedim,
Hava yürüyüş için oldukça uygundu,
Yakındaki gölün çevresine gittim,
Gölün suyu sakin görünüyordu,
Su üzerinde birkaç ördek yüzüyordu,
Ördekler kıyıya doğru yaklaştı,
Bir çocuk onlara uzaktan baktı,
Ben gölün çevresinde yürüdüm,
Yol boyunca birçok ağaç vardı,
Ağaçların gölgeleri yere düşüyordu,
Güneş yavaşça batmaya başladı,
Manzara çok güzel görünüyordu,
Bir süre fotoğraf çektim,
Sonra eve dönmek için yola çıktım,
Akşam şehir merkezine uğradım,
Meydan oldukça kalabalıktı,
İnsanlar kafelerde oturuyordu,
Bir sokak sanatçısı müzik yapıyordu,
Çevrede birçok kişi onu dinliyordu,
Sanatçı güzel bir melodi çalıyordu,
Ben de birkaç dakika durup dinledim,
Sonra yoluma devam ettim,
Bir mağazanın vitrininde güzel bir saat gördüm,
Saatin tasarımı oldukça sadeydi,
Mağazaya girip saate baktım,
Sonunda satın almamaya karar verdim,
Mağazadan çıkıp eve gittim,
Evde sakin bir akşam geçirdim,
Bir fincan bitki çayı hazırladım,
Çayın kokusu odayı doldurdu,
Koltuğa oturup kitabımı açtım,
Kitabın ortalarına kadar geldim,
Hikayedeki karakterler yeni bir şehre taşındı,
Yeni şehir onlar için oldukça farklıydı,
Başlangıçta birçok zorluk yaşadılar,
Zamanla çevrelerine alıştılar,
Yeni arkadaşlar edinmeye başladılar,
Sonunda şehirde mutlu oldular,
Kitabı okurken zamanın geçtiğini fark etmedim,
Saat gece yarısına yaklaşmıştı,
Kitabı kapatıp yatağa gittim,
O gece erken uyudum,
Sabah uyandığımda kendimi dinç hissediyordum,
Bugün spor yapmaya karar verdim,
Evde kısa bir egzersiz yaptım,
Sonra dışarı çıkıp yürüdüm,
Yaklaşık yarım saat yürüdüm,
Yürürken nefesimi düzenli tuttum,
Egzersizden sonra bol su içtim,
Kahvaltıda meyve ve yoğurt yedim,
Günün geri kalanı için enerjim vardı,
Çalışmaya başlamadan önce plan yaptım,
Yapılacak işleri sıraya koydum,
En önemli işi ilk sıraya yazdım,
İkinci işi öğleden sonraya bıraktım,
Üçüncü işi akşam tamamlayacaktım,
Plan yapmak zamanımı daha iyi kullanmamı sağladı,
İlk görev beklediğimden kolaydı,
İşi kısa sürede tamamladım,
Sonra ikinci göreve geçtim,
İkinci görev biraz daha zordu,
Bir süre üzerinde düşündüm,
Sonunda doğru çözümü buldum,
Çözümü not defterime yazdım,
Ardından çalışmaya devam ettim,
Öğle vakti kısa bir mola verdim,
Bir bardak su içtim,
Pencereden dışarı bakarak dinlendim,
Öğleden sonra hava yeniden değişti,
Bulutlar gökyüzünü kapladı,
Bir süre sonra güneş tekrar çıktı,
Akşamüstü işlerimi tamamladım,
Bugünkü planımı başarıyla bitirdim,
Kendimi oldukça rahatlamış hissettim,
Akşam dışarıda yemek yemeye karar verdim,
Yakındaki küçük bir restorana gittim,
Restoranın içi sıcak ve sakindi,
Bir köşedeki masaya oturdum,
Menüde birçok farklı yemek vardı,
Bugün balık sipariş ettim,
Balığın yanında salata da geldi,
Yemek taze ve lezzetliydi,
Yemeğimi bitirdikten sonra çay içtim,
Restorandan memnun şekilde ayrıldım,
Eve dönerken sokaklar sakindi,
Birkaç dükkan çoktan kapanmıştı,
Bir market hala açıktı,
Marketin önünde birkaç kişi bekliyordu,
Ben doğrudan eve gittim,
Evde ışıkları açtım,
Salonda sessiz bir müzik çalıyordu,
Müziğin sesini biraz yükselttim,
Sonra bilgisayarımda film izledim,
Film uzak bir ülkede geçiyordu,
Başroldeki karakter bir gezgindi,
Gezgin birçok farklı şehir ziyaret etti,
Her şehirde yeni insanlar tanıdı,
Filmin manzaraları çok etkileyiciydi,
Özellikle dağ sahnelerini beğendim,
Film sona erdiğinde gece olmuştu,
Bilgisayarı kapatıp odama geçtim,
Uyumadan önce pencereden dışarı baktım,
Sokakta neredeyse hiç kimse yoktu,
Bir araba yavaşça caddeden geçti,
Sonra sokak yeniden sessizleşti,
Ertesi gün bir yolculuğa çıkacaktım,
Çantamı hazırlamaya başladım,
Önce kıyafetlerimi seçtim,
Sonra gerekli belgeleri çantaya koydum,
Şarj cihazımı da yanıma aldım,
Bir kitap ve defter hazırladım,
Yolculuk sırasında kitap okumak istiyordum,
Sabah trenle seyahat edecektim,
Tren istasyonu evden biraz uzaktı,
Bu nedenle erken kalkmam gerekiyordu,
Alarmı iki kez kontrol ettim,
Sabah erkenden uyandım,
Hızlı bir kahvaltı yaptım,
Çantamı alıp evden çıktım,
Taksiyle istasyona gittim,
İstasyonda oldukça fazla insan vardı,
Trenim peronda bekliyordu,
Biletimi kontrol edip trene bindim,
Koltuğumu kolayca buldum,
Çantamı üst bölmeye yerleştirdim,
Tren birkaç dakika sonra hareket etti,
Pencereden dışarı bakmaya başladım,
Şehir yavaşça geride kaldı,
Yerini yeşil tarlalar aldı,
Tarlalarda bazı çiftçiler çalışıyordu,
Uzakta küçük köyler görünüyordu,
Tren hızlı bir şekilde ilerliyordu,
Bir süre sonra yanımda oturan kişiyle konuştum,
Yolculuk hakkında kısa bir sohbet yaptık,
Yanımdaki kişi de tatil için gidiyordu,
İkimiz de manzarayı izledik,
Tren bir istasyonda kısa süre durdu,
Birkaç yolcu trenden indi,
Yeni yolcular trene bindi,
Sonra tren yeniden hareket etti,
Yolculuk oldukça rahat geçiyordu,
Öğle saatlerinde varacağımız şehre yaklaştık,
Şehir uzaktan çok güzel görünüyordu,
Tren istasyona girdi,
Çantamı alıp trenden indim,
İstasyondan dışarı çıktığımda hava sıcaktı,
Şehir merkezine yürüyerek gittim,
Yolda tarihi binalar gördüm,
Binaların mimarisi çok etkileyiciydi,
Bir meydanda kısa süre durdum,
Meydanda büyük bir saat kulesi vardı,
Kulenin yanında eski bir çeşme bulunuyordu,
Çevrede birçok turist vardı,
Bir kafeye girip kahve içtim,
Kahvemi içerken haritayı inceledim,
Ziyaret edeceğim yerleri işaretledim,
İlk olarak müzeye gitmeye karar verdim,
Müze meydana oldukça yakındı,
Müzeye yürüyerek ulaştım,
Girişte uzun bir sıra vardı,
Bir süre sırada bekledim,
Sonunda biletimi aldım,
Müzenin ilk salonu çok büyüktü,
Duvarlarda eski tablolar asılıydı,
Tabloların bazıları yüzlerce yıllıktı,
Her eserin yanında kısa bilgiler vardı,
Bilgileri dikkatlice okudum,
Birkaç eserin fotoğrafını çektim,
Müzenin ikinci salonunda heykeller vardı,
Heykeller farklı dönemlere aitti,
Bir heykelin ayrıntıları çok etkileyiciydi,
Müzede yaklaşık iki saat geçirdim,
Çıkışta küçük bir mağaza vardı,
Mağazada birçok hatıra eşyası satılıyordu,
Kendime küçük bir kartpostal aldım,
Sonra müzeden ayrıldım,
Öğleden sonra tarihi bir sokağa gittim,
Sokak dar ve taş döşeliydi,
Evlerin çoğu eskiydi,
Pencerelerde renkli çiçekler vardı,
Bir fotoğraf çekmek için durdum,
Ardından sokağın sonuna kadar yürüdüm,
Sokağın sonunda küçük bir meydan vardı,
Meydanda çocuklar oynuyordu,
Bir kafede insanlar sohbet ediyordu,
Ben de boş bir masaya oturdum,
Bir bardak limonata sipariş ettim,
Limonata çok ferahlatıcıydı,
Bir süre dinlendikten sonra kalktım,
Akşam için otelime döndüm,
Otel odam oldukça rahattı,
Pencereden şehrin ışıkları görünüyordu,
Çantamı odada bıraktım,
Bir süre dinlenip tekrar dışarı çıktım,
Akşam şehrin merkezi daha kalabalıktı,
Restoranların önünde insanlar bekliyordu,
Bir restoranda boş masa buldum,
Menüde yerel yemekler vardı,
Yeni bir yemek denemeye karar verdim,
Yemek beklediğimden daha lezzetliydi,
Garson yemeğin nasıl olduğunu sordu,
Yemeği çok beğendiğimi söyledim,
Hesabı ödedikten sonra restorandan çıktım,
Gece sokaklarda yürümek keyifliydi,
Binaların ışıkları güzel görünüyordu,
Bir meydanda müzik sesi duydum,
Yakında küçük bir konser vardı,
İnsanlar müziğe eşlik ediyordu,
Ben de bir süre konseri izledim,
Konser bitince otele döndüm,
Odamda kısa bir duş aldım,
Sonra yatağa uzandım,
Bugün çok güzel bir gün geçirmiştim,
Yeni bir şehir keşfetmek hoşuma gitmişti,
Ertesi sabah kahvaltı için aşağı indim,
Otelde açık büfe kahvaltı vardı,
Masalarda birçok farklı yiyecek bulunuyordu,
Bir tabak meyve aldım,
Biraz peynir ve ekmek de seçtim,
Kahvaltımı sakin bir şekilde yaptım,
Sonra odamı kontrol edip otelden çıktım,
Bugün şehirde yürümeye devam edecektim,
İlk olarak büyük parka gittim,
Parkın girişinde uzun bir yol vardı,
Yolun iki yanında ağaçlar bulunuyordu,
Ağaçların arasında kuşlar uçuyordu,
Parkın ortasında küçük bir gölet vardı,
Göletin üzerinde beyaz kuğular yüzüyordu,
Bir bankta oturup manzarayı izledim,
Yanımdaki çocuklar balıkların peşinden koşuyordu,
Park oldukça huzurluydu,
Bir süre sonra yürümeye devam ettim,
Parktan çıkınca alışveriş caddesine geldim,
Caddede birçok mağaza vardı,
Vitrinlerde renkli kıyafetler sergileniyordu,
Bir mağazaya girip birkaç ürüne baktım,
Sonunda hiçbir şey almadan çıktım,
Öğle saatlerinde küçük bir lokanta buldum,
Lokantada sıcak bir çorba içtim,
Çorbanın yanında ekmek de verdiler,
Yemekten sonra kısa bir yürüyüş yaptım,
Şehrin eski bölümüne doğru ilerledim,
Eski bölümde dar sokaklar vardı,
Sokakların bazıları yokuşluydu,
Yokuşu çıkarken biraz yoruldum,
Yukarıda güzel bir manzara vardı,
Şehrin büyük bölümü buradan görünüyordu,
Uzakta yüksek tepeler seçiliyordu,
Manzarayı uzun süre izledim,
Sonra yavaşça aşağı indim,
Akşamüstü otelime döndüm,
Ertesi gün eve dönecektim,
Çantamı yeniden düzenledim,
Aldığım kartpostalı dikkatlice yerleştirdim,
Gece son kez şehir merkezine çıktım,
Bir kafede sıcak çikolata içtim,
Kafenin içi oldukça sessizdi,
Duvarlarda eski fotoğraflar vardı,
Fotoğraflara bakarken şehir hakkında düşündüm,
Bu yolculuk bana birçok yeni şey öğretmişti,
Gece geç saatlerde otele döndüm,
Sabah trenim erken saatteydi,
Bu yüzden erken uyudum,
Sabah alarm çalınca hemen kalktım,
Çantamı alıp otelden ayrıldım,
İstasyona yürüyerek gittim,
Trenim kısa süre sonra geldi,
Trene binip koltuğuma oturdum,
Yolculuk sırasında fotoğraflarıma baktım,
Geçirdiğim günleri tekrar hatırladım,
Tren öğle saatlerinde şehre ulaştı,
İstasyondan çıkıp eve gittim,
Eve geldiğimde ailem beni bekliyordu,
Onlara yolculuğumu anlattım,
Çektiğim fotoğrafları gösterdim,
Herkes fotoğrafları beğendi,
Akşam birlikte yemek yedik,
Evde olmak bana çok iyi geldi,
Yolculuk sonrası biraz dinlendim,
Ertesi gün normal işlerime döndüm,
Sabah bilgisayarımı açtım,
Yeni mesajları kontrol ettim,
Biriken işleri sıraya koydum,
İlk olarak toplantı notlarını düzenledim,
Sonra raporu okumaya başladım,
Raporda birçok önemli bilgi vardı,
Bazı bölümleri tekrar okudum,
Önemli noktaları defterime yazdım,
Raporu öğle saatlerinde tamamladım,
Sonra arkadaşlarımla kısa bir toplantı yaptım,
Toplantıda yeni fikirler konuştuk,
Herkes görüşünü açıkça söyledi,
Sonunda ortak bir karar aldık,
Kararı yazılı hale getirdim,
Öğleden sonra yeni plana başladık,
İlk adımı dikkatlice uyguladık,
Çalışma beklediğimizden iyi ilerledi,
Akşam işimizi biraz erken bitirdik,
Ofisten çıkarken herkes mutluydu,
Ben doğrudan eve gittim,
Evde rahat kıyafetlerimi giydim,
Bir fincan kahve hazırladım,
Kahvemi balkonda içtim,
Hava akşam saatlerinde serinlemişti,
Uzakta gökyüzü turuncuya dönüyordu,
Güneş yavaşça batıyordu,
Manzara çok huzur vericiydi,
Bir süre balkonda oturdum,
Sonra içeri girip yemek hazırladım,
Bugün makarna yapmaya karar verdim,
Makarnayı büyük bir tencerede haşladım,
Sos için domates kullandım,
Biraz sarımsak da ekledim,
Sosun kokusu mutfağı doldurdu,
Makarnayı sosla karıştırdım,
Yemeği tabağa dikkatlice koydum,
Yanında salata hazırladım,
Yemek oldukça başarılı oldu,
Yemekten sonra mutfağı temizledim,
Akşamı film izleyerek geçirdim,
Film eski bir macera hikayesiydi,
Kahraman uzun bir yolculuğa çıktı,
Yolculuk boyunca birçok sorun yaşadı,
Fakat hiçbir zaman pes etmedi,
Sonunda aradığı yeri buldu,
Filmin sonu beni mutlu etti,
Film bittikten sonra televizyonu kapattım,
Telefonuma baktığımda birkaç mesaj gördüm,
Arkadaşım yarın buluşmak istediğini yazmıştı,
Ben de uygun olduğumu söyledim,
Buluşma saatini birlikte belirledik,
Ertesi gün öğleden sonra buluşacaktık,
Sabah işlerimi tamamladım,
Öğleden sonra şehir merkezine gittim,
Arkadaşım beni meydanda bekliyordu,
Birlikte yakındaki kafeye gittik,
İçeride boş bir masa bulduk,
İki çay sipariş ettik,
Çaylarımız gelene kadar sohbet ettik,
Arkadaşım yeni aldığı bilgisayarı anlattı,
Bilgisayarının çok hızlı olduğunu söyledi,
Ben de yeni telefonumdan bahsettim,
Telefonumun kamerasını çok beğeniyorum,
Bir süre teknoloji hakkında konuştuk,
Sonra hafta sonu planlarımızı düşündük,
Pazar günü piknik yapmaya karar verdik,
Hava güzel olursa parka gidecektik,
Yanımıza yiyecek ve içecek alacaktık,
Bir top da götürmeyi planladık,
Konuşmamızın ardından kafeden çıktık,
Meydanda kısa bir yürüyüş yaptık,
Bir kitapçıya uğradık,
Arkadaşım yeni bir roman satın aldı,
Ben ise bir dergi aldım,
Sonra yollarımızı ayırdık,
Eve dönerken markete girdim,
Hafta sonu için alışveriş yaptım,
Biraz meyve ve sebze aldım,
Yoğurt ve peynir de satın aldım,
Kasada uzun bir sıra yoktu,
Alışverişimi kısa sürede tamamladım,
Eve geldiğimde hava kararmıştı,
Ürünleri mutfağa yerleştirdim,
Sonra biraz dinlendim,
Gece telefonumu sessize aldım,
Bir süre kitap okudum,
Kitabın son bölümüne gelmiştim,
Son bölüm oldukça heyecanlıydı,
Kitabı bitirdiğimde gece yarısı olmuştu,
Kitabı rafa koyup yatağa gittim,
Ertesi sabah güneşli bir gün başladı,
Kahvaltıdan sonra çamaşırları yıkadım,
Temiz kıyafetleri balkona astım,
Çamaşırlar güneşte hızla kurudu,
Sonra evi süpürdüm,
Salonun pencerelerini açtım,
Temiz hava içeri doldu,
Ev kısa sürede ferahladı,
Öğleden sonra arkadaşım aradı,
Piknik planımızı hatırlattı,
Hava tahminini kontrol ettik,
Ertesi gün havanın güneşli olacağını öğrendik,
Piknik için güzel bir yer seçtik,
Sabah erken buluşmaya karar verdik,
Ertesi gün çantamı hazırladım,
Sandviçleri önceden hazırladım,
Bir şişe su ve meyve aldım,
Topu da çantanın yanına koydum,
Parkta arkadaşımı beklemeye başladım,
Arkadaşım kısa süre sonra geldi,
Birlikte uygun bir yer aradık,
Ağaçların altında güzel bir alan bulduk,
Örtüyü çimlerin üzerine serdik,
Yiyecekleri ortaya koyduk,
Önce sandviçlerimizi yedik,
Sonra biraz meyve yedik,
Ardından top oynamaya başladık,
Topu birbirimize attık,
Bir süre sonra yorulduk,
Çimlerin üzerine oturup dinlendik,
Bulutlar yavaşça gökyüzünde ilerliyordu,
Park oldukça kalabalıklaşmıştı,
Çocuklar oyun alanında koşuyordu,
Bir grup insan bisiklet sürüyordu,
Bir köpek topun peşinden koştu,
Öğleden sonra hava biraz ısındı,
Biz de gölgede oturduk,
Bir süre sohbet ettik,
Sonra kitap okumaya başladık,
Ben yeni aldığım dergiyi açtım,
Arkadaşım romanını okumaya başladı,
Bir saat boyunca sessizce okuduk,
Akşamüstü eşyalarımızı topladık,
Parktan ayrılmadan önce çöplerimizi topladık,
Çöpleri yakındaki kutuya attık,
Sonra birlikte eve doğru yürüdük,
Yolda dondurma almaya karar verdik,
İki farklı dondurma seçtik,
Dondurmalarımızı yürürken yedik,
Hava akşama doğru serinledi,
Arkadaşım evine doğru devam etti,
Ben de kendi evime döndüm,
Bugün çok güzel vakit geçirmiştim,
Akşam biraz müzik dinledim,
Sonra günün fotoğraflarına baktım,
Piknik fotoğrafları çok güzel çıkmıştı,
Birkaç fotoğrafı arkadaşlarıma gönderdim,
Gece erkenden uyudum,
Yeni bir gün daha başladı,
Sabah kahvaltıda taze meyve yedim,
Sonra çalışma masama oturdum,
Bugün yeni bir proje üzerinde çalışacaktım,
Projenin amacı oldukça açıktı,
Önce gerekli dosyaları açtım,
Verileri dikkatlice incelemeye başladım,
Bazı bilgiler beklediğimden farklıydı,
Farklılıkların nedenini araştırdım,
Bir süre sonra sorunu buldum,
Gerekli düzeltmeleri yaptım,
Sonuçlar daha iyi görünmeye başladı,
Çalışmamı kaydetmeyi unutmadım,
Dosyanın yedeğini de oluşturdum,
Öğle arasında kısa bir yürüyüş yaptım,
Yürürken temiz hava aldım,
Yakındaki bir dükkandan su aldım,
Sonra tekrar eve döndüm,
Öğleden sonra çalışmaya devam ettim,
Projenin ikinci bölümünü tamamladım,
Üçüncü bölüm için notlar hazırladım,
Akşam bilgisayarımı kapattım,
Bugün önemli bir ilerleme kaydetmiştim,
Kendimi başarılı hissediyordum,
Akşam yemeği için sebze çorbası yaptım,
Çorbanın içine havuç ve patates koydum,
Biraz da baharat ekledim,
Çorba sıcak ve lezzetli oldu,
Yemekten sonra çay hazırladım,
Çayı pencerenin yanında içtim,
Dışarıda hafif bir rüzgar vardı,
Gece gökyüzü tamamen açıktı,
Ay çok parlak görünüyordu,
Bir süre gökyüzünü izledim,
Sonra ışıkları kapattım,
Uyumadan önce alarmı kurdum,
Sabah yine erken kalktım,
Güne kısa bir egzersizle başladım,
Egzersizden sonra duş aldım,
Ardından kahvaltı yaptım,
Kahvaltıda bal ve peynir yedim,
Bir bardak süt içtim,
Sonra bilgisayarımı açtım,
Bugün birkaç önemli toplantım vardı,
İlk toplantı sabah saatlerinde başladı,
Toplantıya dört kişi katıldı,
Herkes sırayla konuştu,
Toplantıda yeni bir fikir ortaya çıktı,
Fikri daha ayrıntılı incelemeye karar verdik,
İkinci toplantı öğleye doğru başladı,
Bu toplantı daha kısa sürdü,
Toplantı sonunda görevler dağıtıldı,
Benim görevim raporu hazırlamaktı,
Rapor için gerekli verileri topladım,
Verileri bir dosyada birleştirdim,
Sonra raporu yazmaya başladım,
Raporun ilk kısmı kolaydı,
İkinci kısım daha fazla dikkat gerektirdi,
Akşamüstü raporu tamamladım,
Raporu göndermeden önce tekrar okudum,
Birkaç küçük hata buldum,
Hataları düzelttikten sonra dosyayı gönderdim,
Çalışma günüm böylece sona erdi,
Akşam dışarı çıkmak istemedim,
Evde kalıp dinlenmeyi tercih ettim,
Bir film seçip izlemeye başladım,
Film bir dağ köyünde geçiyordu,
Köyün etrafında yüksek dağlar vardı,
Karakterler kışın zorlu koşullarla mücadele ediyordu,
Hikaye ilerledikçe gerilim arttı,
Sonunda karakterler güvenli bir yere ulaştı,
Filmin müzikleri de çok güzeldi,
Film bittikten sonra kısa bir süre düşündüm,
Hikayenin mesajını oldukça anlamlı buldum,
Sonra kitabımı alıp yatağa gittim,
Gece sessiz ve huzurluydu,
Sabah uyandığımda yağmur yağıyordu,
Yağmur damlaları pencereye vuruyordu,
Bugün dışarı çıkmamaya karar verdim,
Evde sakin bir gün geçirecektim,
Önce kahvaltımı hazırladım,
Sonra mutfağı temizledim,
Bir süre müzik dinledim,
Ardından çalışma odasına geçtim,
Eski notlarımı düzenlemeye başladım,
Bazı notların tarihini hatırladım,
Eski belgeleri dosyalara ayırdım,
İşe yaramayan kağıtları attım,
Masa kısa sürede düzenli hale geldi,
Öğle vakti yağmur devam ediyordu,
Bir kase sıcak çorba yaptım,
Çorbayı pencereden yağmuru izleyerek içtim,
Yağmurun sesi sakinleştiriciydi,
Öğleden sonra bir arkadaşımı aradım,
Uzun zamandır görüşmemiştik,
Yaklaşık bir saat telefonda konuştuk,
Eski anılarımızdan bahsettik,
Birlikte yeniden buluşmaya karar verdik,
Telefon görüşmesinden sonra biraz kitap okudum,
Okuduğum kitap bilim tarihi hakkındaydı,
Bilim insanlarının keşiflerini anlatıyordu,
Bazı bilgiler benim için yeniydi,
Özellikle uzay araştırmaları ilgimi çekti,
Akşam yağmur sonunda durdu,
Bulutların arasından ay göründü,
Sokaklar yağmurdan sonra parlıyordu,
Gece kısa bir yürüyüş yaptım,
Hava serin ama temizdi,
Yürüyüşten sonra eve döndüm,
Evde sıcak bir içecek hazırladım,
Biraz müzik dinleyip dinlendim,
Sonra uyumaya gittim,
Ertesi gün hava tamamen değişmişti,
Gökyüzü masmavi görünüyordu,
Güneş bütün şehri aydınlatıyordu,
İnsanlar dışarıda yürüyordu,
Ben de parka gitmeye karar verdim,
Parkta birçok çiçek açmıştı,
Renkler gerçekten çok güzeldi,
Bir bankta oturup kitabımı okudum,
Yanımdan bisiklet süren insanlar geçti,
Bir çocuk uçurtma uçuruyordu,
Uçurtma gökyüzünde yüksekçe süzülüyordu,
Rüzgar uçurtmanın hareketini kolaylaştırıyordu,
Parkta yaklaşık iki saat kaldım,
Sonra eve dönüp öğle yemeği hazırladım,
Bugün sebzeli bir yemek yaptım,
Yemeğin içine havuç ve kabak koydum,
Biraz soğan da ekledim,
Yemek pişerken mutfağı topladım,
Yemek hazır olduğunda sofrayı kurdum,
Tek başıma sakin bir öğle yemeği yedim,
Yemekten sonra kısa bir kahve içtim,
Öğleden sonra yeni bir film izledim,
Film bir bilim kurgu hikayesiydi,
Hikayede uzak bir gezegen anlatılıyordu,
Uzay gemisi uzun bir yolculuğa çıkmıştı,
Mürettebat yeni bir dünya keşfetti,
Filmin görsel efektleri çok etkileyiciydi,
Filmin sonu biraz şaşırtıcıydı,
İzledikten sonra filmi düşündüm,
Akşam bilgisayar başında biraz çalıştım,
Ertesi gün için birkaç not hazırladım,
Sonra çalışma masasını temizledim,
Telefonumu şarja koydum,
Gece için su hazırladım,
Yatağa girdiğimde kendimi huzurlu hissediyordum,
Bugün oldukça verimli bir gün olmuştu,
Yeni bir sabah daha başladı,
Bu kez alarmdan önce uyandım,
Pencereden dışarı baktım,
Bahçede birkaç kuş vardı,
Bir süre kuşları izledim,
Sonra kahvaltı hazırladım,
Kahvaltı sırasında müzik dinledim,
Bugün farklı bir şarkı listesi açtım,
Şarkıların çoğu hareketliydi,
İyi bir ruh haliyle güne başladım,
İlk iş olarak odamı havalandırdım,
Ardından bilgisayarımı açtım,
Bugün bazı yazılar okumam gerekiyordu,
İlk yazı oldukça uzundu,
Yazıyı dikkatlice okudum,
Önemli bölümlerin altını çizdim,
İkinci yazı daha kısa ve açıktı,
İki yazı arasında bazı benzerlikler vardı,
Farklılıkları not aldım,
Öğle saatlerine kadar çalıştım,
Sonra biraz dinlendim,
Öğle yemeğinde sandviç hazırladım,
Sandviçin içine peynir ve domates koydum,
Yanında bir elma yedim,
Yemekten sonra dışarı çıktım,
Hava yürüyüş için çok uygundu,
Yakındaki sokaklarda biraz dolaştım,
Yeni açılan bir dükkan gördüm,
Dükkanın vitrininde güzel eşyalar vardı,
İçeri girip ürünlere baktım,
Bir defter satın aldım,
Defterin kapağı mavi renkteydi,
Defteri çantama koydum,
Eve dönerken küçük bir park gördüm,
Parkın içinde çocuklar oynuyordu,
Bir süre parkta oturdum,
Sonra eve dönüp çalışmaya devam ettim,
Öğleden sonra işlerim hızla ilerledi,
Akşamüstü bütün görevlerimi bitirdim,
Çalışma masamı topladım,
Bilgisayarı kapattım,
Akşam yemeği için dışarı çıkmaya karar verdim,
Bu kez farklı bir restoran seçtim,
Restoranın menüsünde birçok seçenek vardı,
Garson bana günün özel yemeğini önerdi,
Öneriyi kabul ettim,
Yemek kısa sürede geldi,
Yemeğin yanında taze salata vardı,
Yemeği oldukça beğendim,
Restorandan çıkarken garsona teşekkür ettim,
Eve yürüyerek döndüm,
Yolda bir kitapçı daha gördüm,
Vitrinde eski kitaplar sergileniyordu,
Bir kitabın kapağı dikkatimi çekti,
Kitabı incelemek için içeri girdim,
Kitabın konusu tarih hakkındaydı,
Kitabı satın alıp eve götürdüm,
Evde yeni kitabımı masaya koydum,
Bir süre kitabın sayfalarını inceledim,
Sonra okumaya başladım,
Kitap düşündüğümden daha ilginç çıktı,
Gece birkaç bölüm okudum,
Okumayı bırakmak istemedim,
Fakat ertesi gün erken kalkmam gerekiyordu,
Bu yüzden kitabı kapattım,
Yatağa girip ışığı söndürdüm,
Kısa sürede uykuya daldım,
Sabah güneşli bir havayla uyandım,
Bugün hafta sonuydu,
İşe gitmem gerekmiyordu,
Bu nedenle biraz daha uzun uyudum,
Uyandıktan sonra rahat bir kahvaltı yaptım,
Kahvaltıda sıcak ekmek yedim,
Yanında peynir ve bal vardı,
Bir bardak çay içtim,
Sonra evde biraz müzik dinledim,
Öğleye doğru dışarı çıktım,
Şehir merkezine gitmek istiyordum,
Otobüse binip merkeze ulaştım,
Meydanda büyük bir kalabalık vardı,
Bugün şehirde bir etkinlik düzenleniyordu,
Etkinlik alanında birçok stant bulunuyordu,
Stantlarda çeşitli ürünler satılıyordu,
Bir stantta el yapımı ürünler vardı,
Başka bir stantta kitaplar bulunuyordu,
Bir süre stantları gezdim,
Sonra sahne tarafına geçtim,
Sahnede bir müzik grubu çalıyordu,
İnsanlar müziği keyifle dinliyordu,
Ben de konseri bir süre izledim,
Şarkılar oldukça hareketliydi,
Kalabalık zaman zaman alkışlıyordu,
Konser bittikten sonra alanı gezmeye devam ettim,
Bir köşede çocuklar için oyunlar vardı,
Çocuklar oyun alanında eğleniyordu,
Yetişkinler çevrede sohbet ediyordu,
Etkinlik oldukça canlı görünüyordu,
Öğleden sonra kalabalık daha da arttı,
Ben biraz dinlenmek için kafeye gittim,
Kafede soğuk bir içecek sipariş ettim,
İçeceğimi yavaşça içtim,
Pencereden etkinlik alanını izledim,
Bir süre sonra kafeden çıktım,
Akşam eve dönmeden önce yemek yedim,
Yemekten sonra otobüse bindim,
Otobüs dönüş yolunda oldukça sakindi,
Yol boyunca şehir ışıklarını izledim,
Eve geldiğimde hava karanlıktı,
Bugün güzel bir gün geçirmiştim,
Akşam fotoğraflarımı bilgisayara aktardım,
En güzel fotoğrafları seçtim,
Birkaç fotoğrafı düzenledim,
Sonra bilgisayarımı kapattım,
Bir fincan çay hazırladım,
Çayımı içerken kitabımı okudum,
Kitabın hikayesi giderek heyecanlanıyordu,
Baş karakter önemli bir karar verdi,
Karar hikayenin yönünü değiştirdi,
Bir sonraki bölümde yeni bir olay başladı,
Kitabı okumaya devam ettim,
Gece geç saatlerde kitabı kapattım,
Yatağa girip uyudum,
Yeni hafta pazartesi günü başladı,
Sabah erkenden işe gittim,
Ofise vardığımda birkaç kişi gelmişti,
Masama oturup bilgisayarımı açtım,
Haftanın görevlerini kontrol ettim,
Önümde yoğun bir program vardı,
İlk toplantım saat onda başladı,
Toplantıda yeni hedefler belirlendi,
Herkes kendi görevini not aldı,
Ben rapor hazırlamakla görevlendirildim,
Rapor için birçok belge toplamam gerekiyordu,
Belgeleri farklı klasörlerde buldum,
Hepsini tek bir dosyada birleştirdim,
Sonra verileri karşılaştırdım,
Bazı sonuçlar birbirine çok yakındı,
Bazı sonuçlar ise oldukça farklıydı,
Farklı sonuçların nedenlerini araştırdım,
Öğleye kadar önemli bir ilerleme sağladım,
Öğle arasında arkadaşlarımla yemek yedim,
Yemekten sonra kısa bir kahve içtik,
Sonra ofise geri döndük,
Öğleden sonra çalışmaya devam ettim,
Raporun ilk taslağını hazırladım,
Taslağı dikkatlice kontrol ettim,
Bir arkadaşım raporu gözden geçirdi,
Onun önerilerini not aldım,
Gerekli değişiklikleri yaptım,
Rapor artık tamamlanmaya yakındı,
Akşamüstü son kontrolleri yaptım,
Dosyayı kaydedip yöneticime gönderdim,
Bugünkü işimi böylece tamamladım,
Ofisten çıkıp eve gittim,
Eve vardığımda hava serindi,
Biraz dinlendikten sonra yemek yaptım,
Bu akşam fırında sebze hazırladım,
Sebzeleri tepsiye dikkatlice yerleştirdim,
Üzerlerine biraz zeytinyağı ekledim,
Fırında güzelce piştiler,
Yemeğin yanında yoğurt vardı,
Akşam yemeğini sakin bir şekilde yedim,
Sonra mutfağı temizledim,
Gece kısa bir yürüyüş yaptım,
Sokaklar oldukça sessizdi,
Bir apartmanın önünde ışıklar yanıyordu,
Uzakta bir kedi miyavladı,
Bir süre sonra eve döndüm,
Telefonuma gelen haberleri okudum,
Sonra telefonu masaya bıraktım,
Biraz kitap okuyup uyudum,
Sabah yine güneşliydi,
Bugün işlerimi daha erken bitirmek istiyordum,
Kahvaltımı hızlıca yaptım,
Çantamı alıp evden çıktım,
Otobüs durağına yürüdüm,
Otobüs tam zamanında geldi,
Otobüste boş bir koltuk buldum,
Yolculuk sırasında bir podcast dinledim,
Podcastte seyahat hakkında konuşuluyordu,
Anlatılan yerler çok ilginçti,
Bir gün o yerleri görmek istiyorum,
Ofise vardığımda saat henüz erkendi,
Bilgisayarımı açıp çalışmaya başladım,
Sabah boyunca sessizce çalıştım,
İki önemli görevi tamamladım,
Öğle saatlerinde kısa bir toplantı yaptık,
Toplantı beklediğimden kısa sürdü,
Toplantıdan sonra işlerime geri döndüm,
Öğleden sonra yeni bir belge geldi,
Belgeyi dikkatlice incelemem gerekti,
İçindeki bilgileri kontrol ettim,
Birkaç küçük hata fark ettim,
Hataları ilgili kişiye bildirdim,
Sonra düzeltmeleri bekledim,
Düzeltmeler kısa sürede geldi,
Belgeyi yeniden kontrol ettim,
Her şey artık doğru görünüyordu,
Dosyayı sisteme kaydettim,
Akşamüstü işimi tamamladım,
Bugün gerçekten verimli çalışmıştım,
Ofisten çıkıp markete uğradım,
Ev için birkaç ürün aldım,
Biraz ekmek ve süt aldım,
Çantamı dikkatlice taşıdım,
Eve geldiğimde mutfakta düzenleme yaptım,
Ürünleri dolaba yerleştirdim,
Sonra biraz meyve yedim,
Akşam bir arkadaşım ziyarete geldi,
Birlikte çay içtik,
Arkadaşım bana yeni hobisinden bahsetti,
Son zamanlarda resim yapmaya başlamış,
Yaptığı bazı resimleri bana gösterdi,
Resimlerin renkleri çok güzeldi,
Ben de fotoğrafçılıkla ilgilendiğimi söyledim,
Birlikte hafta sonu fotoğraf çekmeye karar verdik,
Ertesi hafta için bir plan yaptık,
Akşam arkadaşım evine döndü,
Ben de biraz dinlendim,
Gece telefonumu kapatıp yatağa girdim,
Sabah erken kalkıp kahvaltı yaptım,
Bugün fotoğraf çekmek için dışarı çıkacaktım,
Kameramın pilini kontrol ettim,
Pil tamamen doluydu,
Çantama yedek pil de koydum,
Fotoğraf makinesini dikkatlice taşıdım,
Şehir merkezinde eski bir mahalleye gittim,
Mahallede birçok tarihi bina vardı,
Dar sokaklar fotoğraf çekmek için uygundu,
Bir binanın önünde uzun süre durdum,
Pencerelerde güzel süslemeler vardı,
Duvarların rengi zamanla solmuştu,
Eski kapılar dikkatimi çekti,
Birçok farklı açıdan fotoğraf çektim,
Sonra küçük bir meydana ulaştım,
Meydanda yaşlı bir ağaç vardı,
Ağacın altında birkaç sandalye bulunuyordu,
Bir adam orada gazete okuyordu,
Bir süre meydanda oturdum,
Sonra yürümeye devam ettim,
Mahallenin sonunda küçük bir kilise gördüm,
Binanın dış görünüşü çok etkileyiciydi,
Çevresinde sessiz bir bahçe vardı,
Bahçedeki çiçekler rengarenkti,
Birkaç fotoğraf daha çektim,
Öğle saatlerinde bir kafeye girdim,
Kameramı masaya dikkatlice koydum,
Bir kahve ve sandviç sipariş ettim,
Yemeğimi yerken çektiğim fotoğraflara baktım,
Bazı fotoğraflar beklediğimden güzel çıkmıştı,
Öğleden sonra nehir kenarına gittim,
Nehir oldukça genişti,
Su üzerinde küçük tekneler vardı,
Tekneler yavaşça ilerliyordu,
Nehir kenarında insanlar yürüyordu,
Bir çocuk bisikletiyle yanımdan geçti,
Bir süre nehir manzarasını fotoğrafladım,
Güneş ışığı suyun üzerinde parlıyordu,
Akşamüstü eve dönmeye karar verdim,
Eve vardığımda fotoğrafları bilgisayara aktardım,
En iyi fotoğrafları seçtim,
Fotoğrafları klasörlere ayırdım,
Birkaç fotoğrafı düzenledim,
Çalışmam birkaç saat sürdü,
Sonuçlardan oldukça memnun kaldım,
Akşam yemeğini hazırladım,
Yemekten sonra biraz müzik dinledim,
Bugün yaratıcı bir gün olmuştu,
Gece erken uyudum,
Ertesi sabah hava bulutluydu,
Bugün evde çalışmaya karar verdim,
Çalışma masamı hazırladım,
Bilgisayarımı açıp gerekli programları başlattım,
İlk olarak takvimimi kontrol ettim,
Günün görevlerini tekrar gözden geçirdim,
Sabah bir çevrim içi toplantım vardı,
Toplantıya zamanında bağlandım,
Katılımcılar sırayla kendilerini tanıttı,
Toplantının konusu yeni bir projeydi,
Projenin hedefleri ayrıntılı biçimde açıklandı,
Ben bazı sorular sordum,
Toplantı sonunda görevler belirlendi,
Benim görevim verileri hazırlamaktı,
Toplantı bittikten sonra çalışmaya başladım,
Verileri farklı kaynaklardan topladım,
Bilgileri tek bir dosyada düzenledim,
Dosyada birçok satır bulunuyordu,
Her satırı dikkatlice kontrol ettim,
Bazı kayıtları yeniden incelemem gerekti,
Öğleye kadar ilk bölümü tamamladım,
Öğle yemeğinde evde yemek yedim,
Yemekten sonra kısa bir mola verdim,
Sonra çalışmaya devam ettim,
Öğleden sonra veri düzenleme işini bitirdim,
Sonuçları kaydedip yedekledim,
Çalışmamı yöneticime gönderdim,
Yöneticim kısa bir süre sonra cevap verdi,
Çalışmayı başarılı bulduğunu söyledi,
Bu mesaj beni mutlu etti,
Akşam bilgisayarımı kapattım,
Biraz dinlenmek için dışarı çıktım,
Mahallede kısa bir yürüyüş yaptım,
Yakındaki fırından ekmek aldım,
Fırında sıcak ekmek kokusu vardı,
Eve dönüp akşam yemeği hazırladım,
Bugün basit bir yemek yaptım,
Yemeği kısa sürede hazırladım,
Yemekten sonra bulaşıkları yıkadım,
Sonra televizyonu açtım,
Televizyonda bir doğa programı vardı,
Programda tropikal ormanlar anlatılıyordu,
Ormanda birçok farklı bitki türü vardı,
Programdaki görüntüler çok güzeldi,
Bir süre programı izledim,
Sonra televizyonu kapattım,
Gece kitabımı okumaya devam ettim,
Kitabın sonuna yaklaşmıştım,
Hikayenin sonucu merak uyandırıyordu,
Bir bölüm daha okudum,
Sonra kitabı kapattım,
Yatağa girip ışığı söndürdüm,
Ertesi gün için plan yaptım,
Sabah ilk iş olarak alışverişe gidecektim,
Ertesi sabah markete gittim,
Alışveriş listemi yanıma aldım,
Listede sebze ve meyveler vardı,
Önce sebze bölümüne gittim,
Taze domatesler seçtim,
Birkaç salatalık da aldım,
Sonra meyve bölümüne geçtim,
Elma ve portakal satın aldım,
Biraz üzüm de aldım,
Süt ürünleri bölümünden yoğurt aldım,
Ekmek almak için fırın bölümüne gittim,
Taze ekmeklerden birini seçtim,
Sepetim kısa sürede doldu,
Kasaya gidip sıraya girdim,
Sıra birkaç dakika içinde ilerledi,
Alışverişimi ödeyip marketten çıktım,
Poşetleri eve kadar taşıdım,
Eve geldiğimde biraz yorulmuştum,
Ürünleri mutfağa yerleştirdim,
Sebzeleri buzdolabına koydum,
Meyveleri masanın üzerine bıraktım,
Ekmeği ayrı bir yere koydum,
Sonra biraz dinlendim,
Öğleden sonra yemek hazırladım,
Bugün sebzeli bir salata yaptım,
Salataya domates ve salatalık ekledim,
Üzerine biraz zeytinyağı döktüm,
Salata oldukça taze görünüyordu,
Yanında ekmek yedim,
Yemekten sonra çay içtim,
Akşam dışarıda hafif bir rüzgar vardı,
Bir süre balkonda oturdum,
Şehrin sesleri uzaktan geliyordu,
Bir ambulans kısa süreliğine duyuldu,
Sonra ortam yeniden sessizleşti,
Gece gökyüzünde bulutlar vardı,
Ay zaman zaman bulutların arkasına saklanıyordu,
Bir süre gökyüzünü izledim,
Sonra içeri girip kapıyı kapattım,
Yatağa gidip dinlenmeye başladım,
Bugün sakin bir gün geçirmiştim,
Yeni bir sabah daha geldi,
Güneş perdenin arasından içeri giriyordu,
Uyandığımda saat sekizdi,
Kahvaltı hazırlamak için mutfağa gittim,
Bir yumurta pişirdim,
Yanına peynir ve ekmek koydum,
Bir bardak çay hazırladım,
Kahvaltımı masada yaptım,
Sonra kısa bir temizlik yaptım,
Kitaplığımı yeniden düzenledim,
Kitapları konularına göre ayırdım,
Bazı eski kitapları kutuya koydum,
Yeni kitapları rafa yerleştirdim,
Kitaplığım daha düzenli görünüyordu,
Öğleden önce biraz çalıştım,
Bugün yazmam gereken birkaç not vardı,
Notlarımı bilgisayarda hazırladım,
Sonra belgeleri kaydettim,
Bir arkadaşım bana mesaj gönderdi,
Hafta sonu için yeni bir plan önerdi,
Bu kez sinemaya gitmeyi düşündük,
Yakındaki sinemada yeni bir film vardı,
Film için biletleri internetten aldık,
Akşam buluşmak üzere anlaştık,
Günün geri kalanında evde kaldım,
Öğle yemeğinde çorba içtim,
Çorbanın yanında salata yedim,
Öğleden sonra biraz müzik dinledim,
Sonra kısa bir uyku uyudum,
Uyandığımda hava değişmişti,
Bulutlar tamamen dağılmıştı,
Güneş yeniden ortaya çıkmıştı,
Akşamüstü dışarı çıkmaya hazırlandım,
Sinemaya gitmek için evden çıktım,
Arkadaşım sinemanın önünde beni bekliyordu,
Birlikte salona girdik,
Film başlamadan önce içecek aldık,
Salon oldukça kalabalıktı,
Film zamanında başladı,
Hikaye beklediğimizden daha komikti,
İkimiz de birçok sahnede güldük,
Film yaklaşık iki saat sürdü,
Film bitince salondan çıktık,
Arkadaşım filmi çok beğendiğini söyledi,
Ben de filmi başarılı buldum,
Sonra yakınlarda bir kafeye gittik,
Birer sıcak içecek sipariş ettik,
Film hakkında uzun süre konuştuk,
Gece eve dönerken hava serindi,
Yol boyunca sokak lambaları yanıyordu,
Eve geldiğimde saat geç olmuştu,
Telefonumu şarja taktım,
Üzerimi değiştirip yatağa girdim,
Bugün keyifli bir akşam geçirmiştim,
Ertesi sabah biraz geç uyandım,
Hafta sonu olduğu için acelem yoktu,
Uzun bir kahvaltı yaptım,
Kahvaltıdan sonra gazete okudum,
Gazetede birçok farklı haber vardı,
Bir haber özellikle dikkatimi çekti,
Haber yeni bir bilimsel keşiften bahsediyordu,
Keşif birçok araştırmacının ilgisini çekmişti,
Konuyu daha sonra araştırmaya karar verdim,
Öğleye doğru dışarı çıktım,
Hava oldukça güzeldi,
Şehrin sahil tarafına gittim,
Sahil boyunca birçok insan yürüyordu,
Deniz bugün çok sakindi,
Su yüzeyinde küçük dalgalar vardı,
Bir süre sahilde oturdum,
Bir martı yanıma kadar geldi,
Martı kısa süre sonra uçup gitti,
Çevrede çocuklar oynuyordu,
Bazı insanlar bisiklete biniyordu,
Bir adam balık tutuyordu,
Sahildeki kafeler oldukça kalabalıktı,
Ben de bir kafeye girdim,
Deniz manzaralı bir masa seçtim,
Bir bardak limonata sipariş ettim,
Limonatayı yavaşça içtim,
Manzarayı izlemek çok keyifliydi,
Öğleden sonra sahilden ayrıldım,
Yol üzerinde küçük bir sanat galerisi gördüm,
Galerinin kapısı açıktı,
İçeri girip sergiyi gezdim,
Duvarlarda birçok modern tablo vardı,
Bazı tablolar çok renkliydi,
Bazı tablolar ise oldukça sadeydi,
Bir tablo özellikle ilgimi çekti,
Tablonun önünde uzun süre durdum,
Galeriden ayrılmadan önce broşür aldım,
Sonra eve doğru yürüdüm,
Akşam yemeğini evde hazırladım,
Bugün fırında tavuk yaptım,
Yanına patates ve salata hazırladım,
Yemek güzel kokuyordu,
Yemeği ailemle birlikte yedik,
Yemekten sonra sohbet ettik,
Akşamı sakin bir şekilde geçirdik,
Gece biraz kitap okudum,
Sonra ışıkları kapatıp uyudum,
Yeni hafta oldukça yoğun başladı,
Sabah işe giderken trafik vardı,
Otobüs normalden biraz daha geç geldi,
Yolculuk beklediğimden uzun sürdü,
Ofise vardığımda toplantı başlamıştı,
Toplantıya sessizce katıldım,
Konuşulan konuları not aldım,
Toplantı sonunda birkaç soru sordum,
Yöneticim sorularıma cevap verdi,
Sonra kendi işlerime döndüm,
Sabah boyunca rapor hazırladım,
Raporun bazı bölümlerini yeniden yazdım,
Verileri birkaç kez kontrol ettim,
Sonuçların doğru olduğundan emin oldum,
Öğle arasında kısa bir yürüyüş yaptım,
Yakındaki restoranda yemek yedim,
Bugün çorba ve salata sipariş ettim,
Yemek oldukça hızlı geldi,
Yemeğimi bitirip ofise döndüm,
Öğleden sonra telefonla birkaç görüşme yaptım,
Görüşmelerin çoğu kısa sürdü,
Bir görüşmede yeni bir fikir ortaya çıktı,
Fikri daha sonra değerlendirmek üzere not aldım,
Akşamüstü işlerimi toparladım,
Yarın için yapılacakları yazdım,
Ofisten çıkıp eve gittim,
Eve gelince biraz dinlendim,
Sonra yemek hazırladım,
Akşam televizyon yerine kitap okumayı seçtim,
Yeni aldığım romanı açtım,
Hikaye küçük bir adada geçiyordu,
Adanın çevresinde berrak bir deniz vardı,
Baş karakter adada yalnız yaşıyordu,
Bir gün kıyıya eski bir tekne geldi,
Teknenin içinde gizemli bir kutu vardı,
Karakter kutuyu açmaya karar verdi,
Kutu eski mektuplarla doluydu,
Mektupların kimden geldiğini merak etti,
Kitap gittikçe daha heyecanlı hale geldi,
Bir süre okumaya devam ettim,
Sonra kitabı kapatıp uyudum,
Sabah uyandığımda hava serindi,
Bugün işe yürüyerek gitmeye karar verdim,
Yol yaklaşık kırk dakika sürdü,
Yolda birçok tanıdık yer gördüm,
Bir fırının önünden geçtim,
Fırından taze ekmek kokusu geliyordu,
Sonra küçük bir parkın yanından geçtim,
Parkta insanlar sabah spor yapıyordu,
Bir grup koşucu yoldan ilerliyordu,
Ben yürümeye devam ettim,
Ofise vardığımda kendimi enerjik hissediyordum,
Sabah işlerimi hızlıca tamamladım,
Öğle saatlerinde bir sunum hazırladım,
Sunumda birkaç grafik kullandım,
Grafikleri daha anlaşılır hale getirdim,
Sunumu arkadaşlarıma gösterdim,
Onlardan olumlu geri dönüş aldım,
Öğleden sonra sunumu tekrar düzenledim,
Son halini kaydedip gönderdim,
Akşamüstü ofisten çıktım,
Eve dönerken bir mağazaya uğradım,
Yeni bir çanta arıyordum,
Mağazada birçok farklı çanta vardı,
Bir çantanın rengi hoşuma gitti,
Çantayı deneyip aynaya baktım,
Çantanın boyutu benim için uygundu,
Satın alıp mağazadan çıktım,
Eve geldiğimde çantayı inceledim,
Yeni çantam oldukça kullanışlı görünüyordu,
Akşam eşyalarımı içine yerleştirdim,
Sonra yemek yedim,
Gece biraz müzik dinledim,
Bugün uzun bir gün olmuştu,
Yatağa girdiğimde hemen uyudum,
Sabah telefonumun alarmıyla uyandım,
Alarmı kapatıp birkaç dakika daha dinlendim,
Sonra yataktan kalktım,
Pencereyi açıp odayı havalandırdım,
Sabah havası oldukça temizdi,
Kahvaltıda taze meyve yedim,
Bir bardak süt içtim,
Sonra çalışmaya başladım,
Bugün önemli bir sunumum vardı,
Sunumdan önce notlarımı tekrar okudum,
Konuşacağım konuları sıraya koydum,
Sunum saatinde toplantı odasına gittim,
Arkadaşlarım çoktan yerlerini almıştı,
Sunuma kısa bir girişle başladım,
Sonra ana konuları anlatmaya başladım,
Katılımcılar dikkatle beni dinledi,
Birkaç kişi soru sordu,
Soruları sakin bir şekilde cevapladım,
Sunum beklediğimden iyi geçti,
Toplantı sonunda teşekkür ettiler,
Ben de herkese teşekkür ettim,
Toplantıdan sonra kendimi rahatlamış hissettim,
Öğle yemeğinde arkadaşlarımla dışarı çıktım,
Birlikte küçük bir restorana gittik,
Bugün tavuklu bir yemek sipariş ettim,
Yemek oldukça doyurucuydu,
Yemekten sonra kahve içtik,
Öğleden sonra işler daha sakindi,
Bir süre e-postaları kontrol ettim,
Sonra birkaç belge düzenledim,
Akşamüstü bilgisayarımı kapattım,
Çantamı alıp ofisten çıktım,
Bugün eve erken gitmek istiyordum,
Eve yürüyerek dönmeyi seçtim,
Yolda hafif bir yağmur başladı,
Şemsiyemi açıp yürümeye devam ettim,
Yağmur kısa süre sonra durdu,
Sokaklar ıslak ve parlaktı,
Eve geldiğimde hava kararmıştı,
Akşam için sıcak bir çorba hazırladım,
Çorbayı içerken müzik dinledim,
Sonra biraz televizyon izledim,
Gece erkenden yatağa girdim,
Ertesi sabah yeni bir gün başladı,
Bugün evde bazı işler yapmam gerekiyordu,
Önce mutfağı temizledim,
Sonra odaları havalandırdım,
Çamaşır makinesini çalıştırdım,
Çamaşırlar bitene kadar kitap okudum,
Makine durunca çamaşırları astım,
Güneş olduğu için çamaşırlar hızlı kurudu,
Öğleye doğru alışverişe çıktım,
Yakındaki pazara gittim,
Pazarda birçok taze ürün vardı,
Tezgahlarda renkli meyveler sergileniyordu,
Satıcılar müşterilere ürünlerini anlatıyordu,
Bir kilo elma aldım,
Biraz da çilek satın aldım,
Sebze tezgahından domates aldım,
Sonra eve geri döndüm,
Öğle yemeğini evde yedim,
Öğleden sonra biraz dinlendim,
Akşam bir arkadaşım beni aradı,
Hafta sonu için gezi planı yaptık,
Yakındaki bir kasabayı ziyaret edecektik,
Sabah erken yola çıkmaya karar verdik,
Gezi için gerekli eşyaları listeledik,
Fotoğraf makinesini de götürecektik,
Ertesi gün hazırlık yaptım,
Çantama su ve atıştırmalık koydum,
Haritayı telefonuma kaydettim,
Yolculuk sabahı hava açıktı,
Arkadaşım arabayla beni aldı,
Yola erken çıktık,
Şehirden uzaklaştıkça trafik azaldı,
Yol boyunca yeşil tepeler gördük,
Bir süre sonra küçük bir kasabaya ulaştık,
Kasabanın merkezi oldukça sakindi,
Eski binalar birbirine yakın duruyordu,
Bir meydanda kısa süre durduk,
Sonra tarihi bir yapıyı ziyaret ettik,
Yapının duvarları çok kalındı,
İçeride eski eşyalar sergileniyordu,
Rehber bize yapının tarihini anlattı,
Anlatılanları dikkatle dinledik,
Ziyaret yaklaşık bir saat sürdü,
Sonra kasabanın sokaklarında yürüdük,
Bir kafede oturup kahve içtik,
Kahvenin yanında küçük bir tatlı yedik,
Kasabanın havası çok huzurluydu,
Öğleden sonra yakındaki göle gittik,
Gölün çevresinde yeşil tepeler vardı,
Manzara fotoğraf çekmek için mükemmeldi,
Birçok fotoğraf çektik,
Bir süre göl kenarında oturduk,
Akşamüstü dönüş yoluna çıktık,
Yolda güzel bir manzara noktasında durduk,
Güneş batmak üzereydi,
Gökyüzü turuncu ve pembe renklere bürünmüştü,
Manzarayı uzun süre izledik,
Sonra eve doğru yola devam ettik,
Şehre akşam saatlerinde ulaştık,
Arkadaşım beni evimin önünde bıraktı,
Gezi gerçekten çok keyifli geçmişti,
Eve girince fotoğrafları bilgisayara aktardım,
En güzel fotoğrafları seçtim,
Bugünü güzel bir anı olarak hatırlayacağım,
Gece biraz dinlenip uyudum,
Ertesi sabah hava yeniden yağmurluydu,
Yağmur sesiyle uyandım,
Pencereyi açınca serin hava içeri girdi,
Bugün dışarı çıkmadan çalışacaktım,
Kahvaltımı hazırlayıp masama oturdum,
Bilgisayarımı açtım,
Önce gelen mesajları kontrol ettim,
Sonra yapılacak işleri sıraya koydum,
İlk göreve hemen başladım,
Çalışırken notlar aldım,
Birkaç saat sonra görev tamamlandı,
İkinci göreve geçtim,
Bu görev daha fazla dikkat istiyordu,
Bir süre üzerinde düşündüm,
Sonunda iyi bir çözüm buldum,
Çözümü dosyaya kaydettim,
Öğle yemeğinde sıcak bir yemek yedim,
Yemekten sonra biraz dinlendim,
Yağmur hala devam ediyordu,
Pencereden dışarı bakarak kahve içtim,
Öğleden sonra çalışmaya devam ettim,
Akşamüstü bütün işlerimi bitirdim,
Bilgisayarımı kapattım,
Bugün kendimi verimli hissediyordum,
Akşam yemeğini hazırladım,
Sonra biraz müzik dinledim,
Yağmur gece boyunca sürdü,
Sabah hava tamamen açmıştı,
Yollar yağmurdan sonra temiz görünüyordu,
Bugün dışarı çıkmak için güzel bir gündü,
Bir arkadaşımla buluşmak üzere yola çıktım,
Buluşma noktasına yürüyerek gittim,
Arkadaşım benden önce gelmişti,
Birlikte kahvaltı yapmak istedik,
Yakındaki bir kafeye girdik,
Kafede sıcak kruvasanlar vardı,
İkimiz de kahve sipariş ettik,
Kahvaltımızı yavaşça yaptık,
Sonra şehirde yürümeye başladık,
Bir sergi salonuna gittik,
Sergide farklı sanatçıların eserleri vardı,
Resimler farklı renkler içeriyordu,
Heykeller de oldukça ilginçti,
Bir eserin önünde uzun süre durduk,
Sonra sergiden ayrıldık,
Şehrin eski sokaklarına doğru yürüdük,
Yolda küçük bir kitapçı gördük,
İçeri girip kitaplara baktık,
Arkadaşım bir şiir kitabı aldı,
Ben de bir hikaye kitabı seçtim,
Kitapçıdan çıktıktan sonra parka gittik,
Parkta bir bankta oturduk,
Hava çok güzel olduğu için insanlar dışarıdaydı,
Bir süre sohbet ettik,
Sonra öğle yemeği yedik,
Yemekten sonra kahve içtik,
Öğleden sonra yollarımızı ayırdık,
Ben eve yürüyerek döndüm,
Eve gelince yeni kitabımı açtım,
İlk bölümü hemen okumaya başladım,
Kitabın dili oldukça akıcıydı,
Hikayenin kahramanı genç bir öğretmendi,
Öğretmen yeni bir okula başlamıştı,
Okuldaki öğrenciler çok farklı karakterlere sahipti,
Öğretmen zamanla hepsini tanıdı,
Hikaye ilerledikçe karakterler değişti,
Kitabı okumak oldukça keyifliydi,
Akşam birkaç bölüm daha okudum,
Sonra kitabı kapattım,
Bugün güzel ve sakin bir gün geçirmiştim,
Gece uyumadan önce biraz düşündüm,
Yeni gün için planlar yaptım,
Sabah erkenden kalkıp güne başladım,
Bugün önemli bir işim vardı,
İşi tamamlamak için erken başlamam gerekiyordu,
Kahvaltımı yapıp çalışma masasına oturdum,
Gerekli dosyaları açtım,
İlk olarak eski kayıtları kontrol ettim,
Kayıtların çoğu düzenliydi,
Birkaç dosyada eksik bilgi vardı,
Eksik bilgileri tamamlamaya başladım,
Çalışma sırasında dikkatli olmaya özen gösterdim,
Her değişikliği kaydettim,
Öğle saatlerinde işin büyük bölümünü tamamladım,
Son bölümü öğleden sonraya bıraktım,
Öğle yemeğinden sonra tekrar çalışmaya başladım,
Son bölümü dikkatlice tamamladım,
Çalışmayı baştan sona kontrol ettim,
Her şey doğru görünüyordu,
Dosyayı kaydedip gönderdim,
İşimi zamanında bitirmiştim,
Akşam biraz dinlenmeye karar verdim,
Dışarı çıkıp kısa bir yürüyüş yaptım,
Mahallede hava sakindi,
Bir süre parkta oturdum,
Sonra eve döndüm,
Akşam yemeğinde pilav ve sebze yedim,
Yemekten sonra çay içtim,
Gece biraz televizyon izledim,
Sonra telefonu kapatıp yatağa girdim,
Sabah güneşli bir hava vardı,
Bugün alışveriş merkezine gidecektim,
Evden çıkmadan önce çantamı kontrol ettim,
Otobüse binip alışveriş merkezine gittim,
Girişte birçok mağaza bulunuyordu,
Önce kitapçıya girdim,
Yeni çıkan kitaplara baktım,
Bir roman satın aldım,
Sonra kırtasiye bölümüne geçtim,
Yeni bir defter seçtim,
Bir kalem seti de aldım,
Alışveriş merkezinde kısa bir tur attım,
Öğle saatlerinde yemek alanına gittim,
Bir tabak yemek sipariş ettim,
Yemeğimi hızlıca yedim,
Sonra eve dönmek için otobüse bindim,
Otobüs oldukça kalabalıktı,
Yolculuk sırasında yeni kitabımı inceledim,
Eve geldiğimde kitapları rafa koydum,
Yeni defterimi çalışma masasına bıraktım,
Akşam birkaç sayfa kitap okudum,
Kitabın konusu beni meraklandırdı,
Okumaya devam etmek istedim,
Gece geç olmadan kitabı kapattım,
Ertesi sabah yeni bir hafta sonu başladı,
Bugün dinlenmeye karar verdim,
Kahvaltıyı uzun uzun yaptım,
Sonra balkona çıktım,
Güneş yüzümü ısıtıyordu,
Bir süre sessizce oturdum,
Uzakta çocukların sesleri geliyordu,
Bir kuş balkonun kenarına kondu,
Kuş birkaç saniye sonra uçtu,
Öğleye doğru dışarı çıktım,
Yakındaki pazarı gezdim,
Tezgahlarda birçok renkli ürün vardı,
Bir satıcı taze meyveler satıyordu,
Biraz meyve satın aldım,
Sonra çiçek satılan bir tezgaha baktım,
Renkli çiçekler çok güzel görünüyordu,
Ev için küçük bir çiçek aldım,
Çiçeği dikkatlice taşıdım,
Eve gelince saksıya yerleştirdim,
Çiçek odaya güzel bir görünüm kattı,
Öğleden sonra arkadaşım geldi,
Birlikte kahve içtik,
Uzun süre sohbet ettik,
Sonra eski fotoğraflara baktık,
Fotoğraflarda çocukluk günlerimiz vardı,
Bazı fotoğraflara bakınca güldük,
Geçmişi hatırlamak hoşumuza gitti,
Akşam arkadaşım evine döndü,
Ben de yemek hazırladım,
Yemekten sonra çiçeğimi suladım,
Yeni çiçeğim oldukça güzel görünüyordu,
Gece kitabımı okumaya devam ettim,
Bir süre sonra uykuya daldım,
Sabah uyandığımda hava serindi,
Bugün şehir dışına çıkacaktım,
Çantamı hazırlayıp kapının yanına koydum,
Otobüs biletimi kontrol ettim,
Evden erken çıktım,
Otobüs terminaline taksiyle gittim,
Terminal oldukça kalabalıktı,
Otobüsüm peronda bekliyordu,
Biletimi gösterip otobüse bindim,
Koltuğumu bulup çantamı yerleştirdim,
Otobüs kısa süre sonra hareket etti,
Pencereden dışarı bakmaya başladım,
Şehir yavaşça geride kaldı,
Yol boyunca geniş tarlalar gördüm,
Bazı tarlalarda insanlar çalışıyordu,
Uzakta küçük köyler görünüyordu,
Otobüs birkaç kez mola verdi,
Bir molada çay içtim,
Sonra yolculuğa devam ettik,
Varacağımız yere öğleden sonra ulaştık,
Terminalden çıkıp merkeze yürüdüm,
Şehir oldukça küçük ve sakindi,
Merkezde eski bir belediye binası vardı,
Binanın önünde geniş bir meydan bulunuyordu,
Meydanda birkaç ağaç vardı,
Bir kafeye oturup dinlendim,
Sonra şehri gezmeye başladım,
Eski sokaklarda birçok güzel ev gördüm,
Bazı evlerin kapıları mavi renkteydi,
Bazı pencerelerde çiçekler vardı,
Fotoğraf çekmek için sık sık durdum,
Akşam küçük bir restorana gittim,
Yerel bir yemek sipariş ettim,
Yemek çok lezzetliydi,
Yemekten sonra otelime döndüm,
Otel odam temiz ve rahattı,
Çantamı bırakıp biraz dinlendim,
Gece şehir merkezinde kısa bir yürüyüş yaptım,
Sokaklar oldukça sessizdi,
Bir meydanda birkaç insan oturuyordu,
Sonra otele geri döndüm,
Ertesi sabah kahvaltımı otelde yaptım,
Ardından eve dönüş için hazırlandım,
Terminale gidip otobüsü bekledim,
Otobüs zamanında geldi,
Koltuğuma oturup kitabımı açtım,
Yolculuk boyunca kitap okudum,
Öğleden sonra eve ulaştım,
Eve geldiğimde kendimi mutlu hissettim,
Ailemle akşam yemeği yedik,
Onlara yolculuğumu anlattım,
Çektiğim fotoğrafları gösterdim,
Herkes gezimi merakla dinledi,
Gece erken uyudum,
Yeni gün başladığında hava açıktı,
Sabah kahvaltısından sonra çalışmaya başladım,
Bugün bilgisayarımda bazı dosyalar düzenleyecektim,
Dosyaları klasörlere ayırdım,
Eski belgeleri ayrı bir klasöre koydum,
Yeni belgeleri başka bir klasörde topladım,
Dosya adlarını daha anlaşılır hale getirdim,
İşlem düşündüğümden uzun sürdü,
Öğleye doğru düzenleme tamamlandı,
Sonuçları yedeklemeyi unutmadım,
Öğleden sonra kısa bir mola verdim,
Bir fincan kahve hazırladım,
Kahvemi içerken dışarıyı izledim,
Bahçedeki ağaçlar rüzgarda sallanıyordu,
Hava hafifçe serinlemişti,
Sonra tekrar bilgisayar başına geçtim,
Yeni bir dosya oluşturdum,
Dosyaya bazı notlar ekledim,
Çalışmamı kaydedip bilgisayarı kapattım,
Akşam yemeği için markete gittim,
Biraz sebze ve ekmek aldım,
Eve dönüp yemek hazırladım,
Bugün sebzeli çorba yaptım,
Çorbanın yanında ekmek yedim,
Yemekten sonra mutfağı temizledim,
Bir süre dinlendim,
Gece müzik dinledim,
Sonra kitabımı okumaya başladım,
Kitabın son sayfalarına geldim,
Hikayenin sonu beni şaşırttı,
Kitabı bitirince rafa koydum,
Gece ışığı kapatıp uyudum,
Sabah uyandığımda hava çok sakindi,
Bugün yeni bir şey öğrenmek istiyordum,
İnternetten bir eğitim videosu izledim,
Videoda yeni bir konu anlatılıyordu,
Anlatıcı konuyu açık ve anlaşılır biçimde açıkladı,
Ben de önemli noktaları not aldım,
Video yaklaşık bir saat sürdü,
Sonra öğrendiklerimi tekrar ettim,
Birkaç örnek üzerinde çalıştım,
Konuyu daha iyi anlamaya başladım,
Öğle yemeğinden sonra çalışmaya devam ettim,
Yeni bilgiler ilgimi çekiyordu,
Öğleden sonra küçük bir uygulama yaptım,
Uygulama beklediğimden başarılı oldu,
Sonuçları not defterime yazdım,
Bugün verimli bir öğrenme süreci geçirdim,
Akşam biraz dinlenmek için dışarı çıktım,
Yakındaki parkta yürüdüm,
Parkta hava çok güzeldi,
Bir bankta oturup çevreyi izledim,
Çocuklar oyun alanında oynuyordu,
Yaşlı insanlar banklarda sohbet ediyordu,
Bir köpek sahibinin yanında yürüyordu,
Parktan çıkıp eve döndüm,
Akşam yemeğimi hazırladım,
Yemekten sonra biraz müzik dinledim,
Bugün öğrendiklerimi düşündüm,
Yeni şeyler öğrenmek bana enerji veriyor,
Gece yatağa girdiğimde mutluydum,
Ertesi sabah güne erken başladım,
Kahvaltıdan sonra yürüyüş yaptım,
Yürüyüş sırasında birçok insanla karşılaştım,
Bazıları koşuyorbazıları yürüyordu,
Bir grup insan birlikte spor yapıyordu,
Ben de yaklaşık kırk dakika yürüdüm,
Sonra eve dönüp duş aldım,
Kahvaltıdan sonra çalışmaya başladım,
Bugün birkaç yazı yazmam gerekiyordu,
İlk yazıyı kısa sürede tamamladım,
İkinci yazı için daha fazla araştırma yaptım,
Farklı kaynaklardan bilgiler topladım,
Bilgileri karşılaştırarak notlar çıkardım,
Sonra yazımı hazırlamaya başladım,
Yazıyı birkaç kez gözden geçirdim,
Sonunda istediğim sonucu elde ettim,
Öğleden sonra kısa bir mola verdim,
Bir bardak su içtim,
Sonra üçüncü çalışmaya başladım,
Üçüncü çalışma daha kolaydı,
Akşamüstü bütün işlerimi bitirdim,
Çalışma alanımı temizledim,
Bilgisayarımı kapattım,
Akşam yemeğinde ailemle sohbet ettim,
Yemekten sonra birlikte çay içtik,
Bir süre televizyon izledik,
Program oldukça eğlenceliydi,
Gece herkes odasına çekildi,
Ben de kitabımı okuyup uyudum,
Sabah hava yağmurluydu,
Bugün şemsiyemi yanıma aldım,
Evden çıkarken kapıyı dikkatlice kilitledim,
Otobüs durağına yürüdüm,
Yağmur nedeniyle yollar kalabalıktı,
Otobüs birkaç dakika gecikti,
Sonunda otobüs geldi,
İçeride birçok kişi vardı,
Bir süre ayakta yolculuk yaptım,
Sonra boş bir koltuk buldum,
Ofise vardığımda yağmur hala yağıyordu,
Masama oturup bilgisayarımı açtım,
Sabah boyunca toplantılar yaptım,
Toplantıların biri oldukça uzundu,
Öğle arasında ofiste kaldım,
Yemeğimi masamda yedim,
Sonra biraz dinlendim,
Öğleden sonra hava düzelmeye başladı,
Yağmur yavaş yavaş durdu,
Akşamüstü gökyüzü açıldı,
Ofisten çıkınca temiz hava aldım,
Eve yürüyerek gitmeye karar verdim,
Yol boyunca ıslak kaldırımları izledim,
Akşam eve vardığımda hava tamamen açılmıştı,
Yemek hazırlayıp sakin bir akşam geçirdim,
Gece pencereden dışarı baktım,
Bulutların arasından yıldızlar görünüyordu,
Bugün uzun ama verimli bir gündü,
Yeni bir sabah daha başladı,
Bu sabah kahvaltıda sıcak ekmek vardı,
Ekmeğin kokusu bütün mutfağa yayıldı,
Biraz peynir ve zeytin hazırladım,
Çayımı demleyip masaya oturdum,
Kahvaltımı yavaşça yaptım,
Sonra günlük planımı yazdım,
Bugün birkaç farklı işim vardı,
İlk olarak markete gidecektim,
Sonra kütüphaneye uğrayacaktım,
Akşam da arkadaşımı ziyaret edecektim,
Market alışverişini kısa sürede tamamladım,
Sonra kütüphaneye gittim,
Kütüphanede sessiz bir masa buldum,
Bir saat boyunca çalıştım,
Önemli notlar çıkardım,
Çalışmam bitince kitaplara baktım,
Yeni bir tarih kitabı buldum,
Kitabı ödünç alıp kütüphaneden çıktım,
Akşamüstü arkadaşımın evine gittim,
Arkadaşım bana kapıda hoş geldin dedi,
Birlikte çay içtik,
Sonra eski bir oyun oynadık,
Oyun oldukça eğlenceliydi,
Birçok kez güldük,
Akşam yemeğini birlikte hazırladık,
Yemekte makarna ve salata vardı,
Yemekten sonra sohbet ettik,
Gece eve dönerken hava sakindi,
Sokaklarda çok az insan vardı,
Eve gelince kitabımı çantadan çıkardım,
Biraz okumaya başladım,
Kitabın konusu tarihsel olaylardı,
Anlatılan olaylar oldukça ilginçti,
Bir süre sonra uykuya daldım,
Sabah erkenden uyandım,
Bugün yeni bir projeye başlayacaktım,
Projenin ilk adımını planladım,
Gerekli araçları hazırladım,
Dosyaları bilgisayarda oluşturdum,
Sonra çalışmaya başladım,
İlk bölüm beklediğimden kolaydı,
İkinci bölüm biraz daha karmaşıktı,
Bir süre araştırma yaptım,
Sonra çözüm buldum,
Çalışmaya devam ettim,
Öğle saatlerinde kısa bir mola verdim,
Bir şeyler yiyip tekrar masama döndüm,
Öğleden sonra projenin önemli kısmını tamamladım,
Sonuçları dikkatlice kontrol ettim,
Birkaç küçük değişiklik yaptım,
Sonra dosyaları kaydettim,
Çalışmanın ilk aşaması tamamlanmıştı,
Akşam biraz dinlendim,
Bir film açıp izlemeye başladım,
Filmde eski bir tren yolculuğu anlatılıyordu,
Karakterler uzun bir yolculuğa çıkmıştı,
Yolculuk boyunca farklı insanlarla tanıştılar,
Hikaye oldukça sıcak bir atmosfere sahipti,
Filmi sonuna kadar izledim,
Sonra televizyonu kapattım,
Bir bardak su içip yatağa gittim,
Gece rahatça uyudum,
Sabah dışarıda güzel bir hava vardı,
Bugün fotoğraf çekmek için sahile gittim,
Kameramı çantama koydum,
Sahile vardığımda deniz sakindi,
Güneş suyun üzerinde parlıyordu,
Birçok martı kıyıda uçuyordu,
Bir süre farklı fotoğraflar çektim,
Sonra sahil boyunca yürüdüm,
Yol üzerinde küçük tekneler gördüm,
Tekneler kıyıya bağlıydı,
Bir balıkçı ağlarını hazırlıyordu,
Çevrede birkaç turist vardı,
Turistler manzarayı fotoğraflıyordu,
Ben de birkaç manzara fotoğrafı çektim,
Öğleye doğru bir kafeye girdim,
Deniz kenarında bir masa seçtim,
Kahvemi içerken fotoğrafları kontrol ettim,
Birkaç fotoğrafı çok başarılı buldum,
Sonra kafeden ayrıldım,
Sahilde yürümeye devam ettim,
Bir süre sonra küçük bir iskeleye ulaştım,
İskelede birkaç kişi balık tutuyordu,
Denizden hafif bir rüzgar geliyordu,
Manzara oldukça huzur vericiydi,
İskelede biraz oturdum,
Sonra eve dönmek için yola çıktım,
Eve geldiğimde öğleden sonra olmuştu,
Fotoğrafları bilgisayara aktardım,
En güzel kareleri seçtim,
Bir fotoğrafı özellikle beğendim,
Fotoğrafı masaüstü arka planı yaptım,
Akşam yemeğinden sonra biraz kitap okudum,
Gece erken uyudum,
Yeni gün güneşli başladı,
Kahvaltıdan sonra dışarı çıktım,
Bugün müzeye tekrar gitmek istiyordum,
Şehirde yeni bir sergi açılmıştı,
Sergi salonuna yürüyerek gittim,
Girişte biletimi aldım,
İlk salonda büyük tablolar vardı,
İkinci salonda heykeller sergileniyordu,
Üçüncü salonda eski fotoğraflar bulunuyordu,
Fotoğrafların çoğu şehir hayatını gösteriyordu,
Bazı fotoğraflar yüz yıldan daha eskiydi,
Eski şehir görüntüleri beni şaşırttı,
İnsanların kıyafetleri bugünkünden çok farklıydı,
Sokakların görünümü de değişmişti,
Sergiyi dikkatle gezdim,
Yaklaşık iki saat sonra dışarı çıktım,
Çıkışta küçük bir kafe vardı,
Bir kahve içip dinlendim,
Sonra eve dönmeye karar verdim,
Yolda bir arkadaşımı gördüm,
Birlikte kısa bir yürüyüş yaptık,
Arkadaşım yeni bir kursa başladığını söyledi,
Kursun oldukça faydalı olduğunu anlattı,
Ben de yeni şeyler öğrenmek istediğimi söyledim,
Birlikte farklı kursları araştırmaya karar verdik,
Akşam eve geldiğimde hava kararmıştı,
Yemek hazırlayıp sofraya oturdum,
Yemekten sonra bilgisayarımı açtım,
Bir süre araştırma yaptım,
Birkaç ilginç kurs buldum,
Programları ve saatleri not aldım,
Sonra bilgisayarı kapattım,
Gece kitabımı okumaya devam ettim,
Kitabın hikayesi sona yaklaşıyordu,
Son bölümü merakla bekliyordum,
Bir süre daha okuyup kitabı kapattım,
Yatağa girdiğimde saat on birdi,
Sabah erken kalkacağım için uyudum,
Yeni gün başladığında hava serindi,
Kahvaltımı yapıp dışarı çıktım,
Bugün bir kursa katılacaktım,
Kursun yapıldığı bina şehir merkezindeydi,
Binaya erken vardım,
Girişte birkaç kişi bekliyordu,
Kapılar açılınca içeri girdik,
Sınıfta herkes yerini aldı,
Eğitmen kısa bir tanıtım yaptı,
Sonra ders başladı,
Konu beklediğimden daha ilginçti,
Eğitmen birçok örnek gösterdi,
Ben de önemli bilgileri not aldım,
Ders sırasında birkaç soru sordum,
Eğitmen sorularımı ayrıntılı biçimde cevapladı,
İlk ders iki saat sürdü,
Arada kısa bir mola verdik,
Mola sırasında diğer katılımcılarla konuştum,
Herkes farklı bir amaçla kursa gelmişti,
İkinci bölüm daha uygulamalıydı,
Herkes bilgisayarında küçük bir çalışma yaptı,
Ben çalışmayı kısa sürede tamamladım,
Sonuçlar beklediğimden iyi çıktı,
Ders sonunda eğitmen ödev verdi,
Ödevi hafta sonuna kadar tamamlamamız gerekiyordu,
Kurs binasından öğleden sonra çıktım,
Bugün yeni bilgiler öğrenmiştim,
Eve dönerken kendimi mutlu hissediyordum,
Akşam yemeğinde çorba içtim,
Sonra kurs notlarımı tekrar okudum,
Ödev için bir plan hazırladım,
Gece biraz çalışıp notlarımı düzenledim,
Sonra uyumaya gittim,
Sabah alarm çaldığında hemen uyandım,
Bugün ödevimi tamamlayacaktım,
Kahvaltıdan sonra bilgisayarımı açtım,
Önce dün aldığım notları inceledim,
Sonra ödevi hazırlamaya başladım,
İlk bölüm kolay ilerledi,
İkinci bölüm biraz daha zaman aldı,
Bir noktada küçük bir sorun yaşadım,
Sorunu çözmek için notlarıma tekrar baktım,
Sonunda doğru yöntemi buldum,
Çalışmaya devam ettim,
Öğleye doğru ödevin büyük kısmı tamamlandı,
Biraz dinlenmek için dışarı çıktım,
Yakındaki kafede kahve içtim,
Kahvemi içerken çalışmamı düşündüm,
Sonra eve dönüp ödeve devam ettim,
Öğleden sonra son bölümü tamamladım,
Ödevi baştan sona kontrol ettim,
Birkaç küçük düzeltme yaptım,
Sonra dosyayı kaydettim,
Ödev artık hazırdı,
Akşam arkadaşlarımla buluşmaya gittim,
Birlikte yemek yedik,
Yemekten sonra kısa bir yürüyüş yaptık,
Gece eve dönerken hava serindi,
Eve geldiğimde oldukça yorgundum,
Telefonumu şarja takıp yatağa girdim,
Bugün yoğun ama başarılı bir gün olmuştu,
Sabah yeni bir hafta sonu başladı,
Kahvaltıdan sonra evde kaldım,
Biraz müzik dinledim,
Sonra kitaplığımı düzenledim,
Eski dergileri bir kutuya koydum,
Yeni kitapları rafa yerleştirdim,
Çalışma masamı da temizledim,
Odam daha geniş görünmeye başladı,
Öğle yemeğinde makarna yaptım,
Makarnanın üzerine peynir ekledim,
Yemeğin yanında ayran içtim,
Öğleden sonra kısa bir uyku uyudum,
Uyandığımda hava güneşliydi,
Dışarı çıkıp biraz yürüdüm,
Mahallede yeni bir dükkan açılmıştı,
Vitrinde renkli ürünler vardı,
İçeri girip mağazayı gezdim,
Birkaç ürüne baktım,
Sonunda küçük bir hediye aldım,
Hediyeyi çantama koydum,
Eve dönerken parka uğradım,
Parkta kısa süre oturdum,
Bir çocuk uçurtmasını havaya kaldırdı,
Uçurtma rüzgarla birlikte yükseldi,
Çocuk çok mutlu görünüyordu,
Bir süre onu izledim,
Sonra eve döndüm,
Akşam yemeğinde sebze yedim,
Yemekten sonra ailemle sohbet ettim,
Gece bir film izledik,
Film oldukça eğlenceliydi,
Film bitince herkes odasına gitti,
Ben de kitabımı alıp yatağa girdim,
Bir süre kitap okudum,
Sonra ışığı kapatıp uyudum,
Sabah hava biraz bulutluydu,
Bugün önemli bir telefon görüşmem vardı,
Görüşme için notlar hazırladım,
Telefonu saat on için ayarladım,
Saat geldiğinde görüşmeyi başlattım,
Konuşma yaklaşık yarım saat sürdü,
Karşımdaki kişi sorularımı dikkatle dinledi,
Ben de gerekli bilgileri verdim,
Görüşmenin sonunda ortak bir karar aldık,
Sonra notlarımı düzenledim,
Bugünkü işim böylece tamamlandı,
Öğle yemeğinden sonra dışarı çıktım,
Hava serin ama güneşliydi,
Yakındaki sokaklarda yürüdüm,
Bir kitapçıya girip yeni kitaplara baktım,
Bir şiir kitabı dikkatimi çekti,
Kitabı satın alıp çantama koydum,
Sonra bir kafede oturdum,
Bir bardak çay sipariş ettim,
Çayımı içerken yeni kitabı inceledim,
Kitabın kapağı çok sade görünüyordu,
İçindeki şiirler kısa ve etkileyiciydi,
Bir şiiri birkaç kez okudum,
Sonra kitabı kapattım,
Akşam eve döndüm,
Yemek hazırlayıp sofraya oturdum,
Yemekten sonra biraz dinlendim,
Gece yeni kitabımdan birkaç sayfa okudum,
Kitabın dili hoşuma gitti,
Okumaya devam etmek için sabırsızlanıyordum,
Fakat uyku saatim gelmişti,
Kitabı kapatıp yatağa girdim,
Sabah güneş ışığıyla uyandım,
Bugün kendime sakin bir gün ayırdım,
Kahvaltımı acele etmeden yaptım,
Sonra balkonda kahve içtim,
Bir süre şehir manzarasını izledim,
İnsanlar işe gitmek için yollara çıkmıştı,
Arabalar caddede ilerliyordu,
Otobüsler duraklarda yolcu alıyordu,
Şehir yavaş yavaş hareketleniyordu,
Ben ise evde kalıp dinleniyordum,
Öğleye doğru bir kitap okumaya başladım,
Kitabın konusu doğa ve seyahatti,
Yazar birçok farklı yerden bahsediyordu,
Anlatılan manzaralar çok etkileyiciydi,
Bir gün bu yerleri görmek istedim,
Öğleden sonra kısa bir yürüyüş yaptım,
Hava yürüyüş için çok güzeldi,
Parkta birkaç tur attım,
Sonra bir bankta oturdum,
Yanımda getirdiğim kitabı okumaya devam ettim,
Bir süre sonra eve döndüm,
Akşam yemek hazırladım,
Bugün hafif bir salata yaptım,
Salatanın içine farklı sebzeler koydum,
Yanında biraz ekmek yedim,
Yemekten sonra mutfağı temizledim,
Sonra müzik açtım,
Odayı hafif bir müzik sesi doldurdu,
Bir süre müziği dinledim,
Gece telefonumu sessize aldım,
Kitabımı okuyup uyudum,
Ertesi sabah yağmur sesiyle uyandım,
Pencerenin camında damlalar vardı,
Bugün hava oldukça kapalıydı,
Kahvaltıdan sonra çalışmaya başladım,
Bilgisayarımda yeni bir dosya açtım,
Dosyaya günün notlarını yazdım,
Sonra eski belgeleri inceledim,
Birkaç belgeyi arşive kaldırdım,
Önemli dosyaların yedeğini aldım,
Çalışmam öğleye kadar sürdü,
Öğle yemeğinde sıcak çorba içtim,
Yağmur dışarıda devam ediyordu,
Çorbayı içerken yağmur sesini dinledim,
Öğleden sonra biraz kitap okudum,
Sonra yeni bir çalışma yaptım,
Çalışmanın sonuçlarını kaydettim,
Akşamüstü yağmur durdu,
Gökyüzünde açık bir bölüm oluştu,
Bir süre sonra güneş göründü,
Akşam dışarı çıkıp kısa bir yürüyüş yaptım,
Islak kaldırımlar ışıkları yansıtıyordu,
Sokak oldukça sakin görünüyordu,
Eve dönüp akşam yemeği hazırladım,
Yemekten sonra çay içtim,
Gece erken uyudum,
Sabah güneşli bir günle uyandım,
Bugün yeni bir kitap almaya karar verdim,
Kitapçıya yürüyerek gittim,
Kitapçıda birçok yeni kitap vardı,
Rafları tek tek inceledim,
Bir roman özellikle ilgimi çekti,
Kitabın arka kapağını okudum,
Sonra ilk birkaç sayfaya baktım,
Kitabı satın almaya karar verdim,
Kasada ödemeyi yaptım,
Kitabı çantama koyup eve döndüm,
Eve gelince hemen kitabı açtım,
İlk bölüm çok sürükleyiciydi,
Bir süre okumaya devam ettim,
Sonra öğle yemeği hazırladım,
Yemekten sonra yeniden okumaya başladım,
Kitap beni kısa sürede içine çekti,
Akşam kitabın yarısına gelmiştim,
Okumaya devam etmek istiyordum,
Gece birkaç bölüm daha okudum,
Sonunda kitabı kapattım,
Bugün çok keyifli bir okuma günü olmuştu,
Sabah uyandığımda kitabı tekrar düşündüm,
Yeni kitabın devamını merak ediyordum,
Kahvaltıdan sonra kitabımı çantama koydum,
Dışarıda bir kafeye gitmeye karar verdim,
Kafede sakin bir masa buldum,
Kitabımı açıp okumaya başladım,
Kahvemi yavaşça içerken kitap okudum,
Çevrede hafif bir müzik çalıyordu,
İnsanlar sessizce sohbet ediyordu,
Bir süre sonra yağmur başladı,
Yağmur camdan dışarı bakınca güzel görünüyordu,
Kafede biraz daha kalmaya karar verdim,
Kitabımın birkaç bölümünü daha okudum,
Yağmur yaklaşık bir saat sürdü,
Sonra hava yeniden açıldı,
Kafeden çıkıp eve doğru yürüdüm,
Yolda gökyüzünde bir gökkuşağı gördüm,
Gökkuşağının renkleri çok belirgindi,
Bir süre durup gökkuşağını izledim,
Sonra eve dönmeye devam ettim,
Akşam ailemle yemek yedim,
Yemekten sonra günümü anlattım,
Gökkuşağından özellikle bahsettim,
Herkes manzarayı merak etti,
Gece kitabımı okumaya devam ettim,
Kitabın sonuna yaklaşmıştım,
Bir sonraki bölümde önemli bir olay gerçekleşti,
Son bölümün nasıl biteceğini merak ediyordum,
Fakat okumayı ertesi güne bıraktım,
Kitabı kapatıp yatağa girdim,
Sabah güneşli bir havayla uyandım,
Bugün kitabı bitirmeye karar verdim,
Kahvaltımı yapıp kitabımı açtım,
Son bölümleri dikkatle okudum,
Hikayenin sonu beni memnun etti,
Kitabı bitirdiğimde öğle olmuştu,
Kitabı rafa koydum,
Okuduğum hikaye hakkında biraz düşündüm,
Karakterlerin yaşadığı değişimler ilginçti,
Öğleden sonra arkadaşımı aradım,
Kitabı ona da önerdim,
Arkadaşım kitabın adını not aldı,
Birlikte başka kitaplar hakkında konuştuk,
Sonra telefon görüşmesini bitirdik,
Akşam biraz müzik dinledim,
Bugün huzurlu bir gün geçirmiştim,
Gece erken uyudum,
Sabah yeni bir haftaya başladım,
Bugün çalışma programım oldukça yoğundu,
Ofise erken gitmek için evden çıktım,
Yolda trafik henüz yoğun değildi,
Ofise zamanında ulaştım,
Bilgisayarımı açıp işlerime başladım,
Sabah birkaç belge hazırladım,
Belgeleri kontrol edip gönderdim,
Sonra bir toplantıya katıldım,
Toplantıda yeni hedefler konuşuldu,
Toplantıdan sonra kısa bir mola verdim,
Öğle yemeğinde arkadaşlarımla buluştum,
Birlikte dışarıda yemek yedik,
Yemekten sonra ofise döndüm,
Öğleden sonra rapor üzerinde çalıştım,
Raporun son bölümünü tamamladım,
Çalışmayı yöneticime gönderdim,
Yöneticim çalışmayı onayladı,
Akşamüstü işlerimi toparladım,
Ofisten çıkarken hava güneşliydi,
Eve yürüyerek dönmeye karar verdim,
Yolda güzel bir park gördüm,
Parkın içinde birçok çiçek vardı,
Bir süre parkta yürüdüm,
Sonra eve gittim,
Akşam yemeği hazırladım,
Yemekten sonra balkona çıktım,
Gökyüzünde yıldızlar görünüyordu,
Şehir ışıkları uzakta parlıyordu,
Bir süre sessizce oturdum,
Sonra içeri girip ışıkları kapattım,
Yatağa girdiğimde günün yorgunluğu üzerimden kalkmıştı,
Ertesi sabah yeni planlar yaptım,
Bugün daha erken başlamaya karar verdim,
Kahvaltıdan sonra çalışma masama oturdum,
Önümde temiz bir defter vardı,
Bugünün hedeflerini deftere yazdım,
İlk hedefimi sabah tamamladım,
İkinci hedef biraz daha uzun sürdü,
Öğleye kadar önemli işler bitmişti,
Öğleden sonra kalan işleri tamamladım,
Akşamüstü günün değerlendirmesini yaptım,
Bugün birçok işi başarıyla tamamlamıştım,
Akşam kendime zaman ayırdım,
Biraz müzik dinledim,
Sonra kitap okudum,
Gece pencereden dışarı baktım,
Sokak sessiz ve sakindi,
Uzakta birkaç ışık görünüyordu,
Bugünün güzel geçtiğini düşündüm,
Sonra yatağa gidip uyudum,
Sabah güneş ışığıyla uyandım,
Kahvaltıdan sonra dışarı çıktım,
Bugün şehir merkezinde bir işim vardı,
Merkeze otobüsle gittim,
Otobüs yol boyunca birçok durakta durdu,
Merkeze ulaştığımda meydan kalabalıktı,
İşimi kısa sürede tamamladım,
Sonra biraz dolaşmaya karar verdim,
Bir mağazanın önünde durdum,
Vitrindeki ürünlere baktım,
Sonra bir kafeye girdim,
Bir fincan kahve sipariş ettim,
Kahvemi içerken insanları izledim,
Dışarıda herkes kendi işiyle meşguldü,
Bir süre sonra kafeden çıktım,
Yakındaki parka doğru yürüdüm,
Parkta boş bir bank buldum,
Bankta oturup biraz kitap okudum,
Rüzgar ağaçların yapraklarını hareket ettiriyordu,
Park oldukça huzurlu görünüyordu,
Bir süre sonra eve dönmeye karar verdim,
Yolda küçük bir fırına uğradım,
Taze ekmeklerden bir tane aldım,
Eve geldiğimde ekmek hala sıcaktı,
Akşam yemeğinde taze ekmek yedik,
Yemekten sonra çay içtik,
Gece biraz sohbet ettik,
Sonra herkes dinlenmek için odasına çekildi,
Ben de kitabımı okuyup uyudum,
Yeni gün yağmurlu başladı,
Bugün dışarı çıkmak istemedim,
Evde sıcak bir kahvaltı hazırladım,
Sonra bilgisayarımda çalıştım,
Bir süre sonra kısa bir mola verdim,
Pencereden yağmuru izledim,
Yağmurun sesi oldukça huzur vericiydi,
Öğle yemeğinde çorba yaptım,
Çorbayı sıcak ekmekle birlikte yedim,
Öğleden sonra yeni bir kitap okumaya başladım,
Kitap kısa öykülerden oluşuyordu,
İlk öykü çok etkileyiciydi,
İkinci öykü daha komikti,
Üçüncü öykü beni düşündürdü,
Kitabı okumak oldukça keyifliydi,
Akşam yağmur durdu,
Bulutların arasından güneş çıktı,
Sokaklar kısa sürede hareketlendi,
Biraz dışarı çıkıp yürüdüm,
Hava serin ama temizdi,
Yürüyüşten sonra eve döndüm,
Akşam yemeği hazırladım,
Sonra biraz televizyon izledim,
Gece kitabımı okumaya devam ettim,
Uyumadan önce kitabı kapattım,
Sabah güneşli bir gün başladı,
Bugün arkadaşlarımla buluşacaktım,
Buluşma saatinden önce evden çıktım,
Şehir merkezine yürüyerek gittim,
Arkadaşlarım meydanda beni bekliyordu,
Birlikte kahvaltı yapmaya karar verdik,
Küçük bir kafeye oturduk,
Kahvaltıda yumurta ve ekmek yedik,
Sonra çay içtik,
Kahvaltıdan sonra sahile gittik,
Sahilde uzun bir yürüyüş yaptık,
Deniz bugün çok güzeldi,
Birlikte birçok fotoğraf çektik,
Bir süre bankta oturduk,
Sonra yakındaki müzeyi ziyaret ettik,
Müzede eski eşyalar sergileniyordu,
Her bölümde farklı bilgiler vardı,
Arkadaşlarımla sergiyi dikkatle gezdik,
Öğleden sonra müzeden çıktık,
Yakındaki bir restoranda yemek yedik,
Yemekten sonra dondurma aldık,
Dondurmalarımızı yürürken yedik,
Akşamüstü meydanda tekrar buluştuk,
Bir sokak müzisyeni güzel bir şarkı söylüyordu,
Bir süre müziği dinledik,
Sonra arkadaşlarımla vedalaştım,
Eve dönerken kendimi mutlu hissediyordum,
Bugün arkadaşlarımla güzel vakit geçirmiştim,
Gece eve geldiğimde hava serindi,
Biraz çay içip dinlendim,
Sonra yatağa girdim,
Sabah erken kalktım,
Bugün yeni bir hedef belirlemek istiyordum,
Bir defter alıp hedeflerimi yazdım,
İlk hedefim düzenli okumaktı,
İkinci hedefim daha fazla yürümekti,
Üçüncü hedefim yeni bir beceri öğrenmekti,
Hedeflerimi küçük adımlara böldüm,
İlk adımı hemen uygulamaya başladım,
Sabah yarım saat kitap okudum,
Sonra yarım saat yürüdüm,
Öğleden sonra yeni bir konu öğrendim,
Öğrendiklerimi defterime yazdım,
Akşam günümü değerlendirdim,
Bugün hedeflerime biraz daha yaklaştığımı düşündüm,
Her küçük adımın önemli olduğuna inanıyorum,
Yeni şeyler öğrenmek beni motive ediyor,
Çalışırken sabırlı olmaya dikkat ediyorum,
Başarılı olmak için düzenli çalışıyorum,
Zor konular karşısında hemen vazgeçmiyorum,
Hatalarımdan yeni şeyler öğreniyorum,
Her gün biraz daha ilerlemek istiyorum,
Planlı çalışmak zaman kazandırıyor,
Dinlenmenin de çalışma kadar önemli olduğunu düşünüyorum,
Dengeli bir gün geçirmek bana iyi geliyor,
Sabahları erken kalkmak alışkanlık haline geldi,
Akşamları kitap okumayı seviyorum,
Yürüyüş yapmak zihnimi rahatlatıyor,
Müzik dinlemek enerjimi yükseltiyor,
Yeni yerler keşfetmek beni mutlu ediyor,
Farklı insanlarla konuşmak ilginç deneyimler sunuyor,
Yeni yemekler denemeyi seviyorum,
Fotoğraf çekmek güzel anıları saklamamı sağlıyor,
Kitap okumak hayal gücümü geliştiriyor,
Doğada zaman geçirmek bana huzur veriyor,
Bugün öğrendiğim bilgileri yarın tekrar edeceğim,
Yarın için çalışma planımı hazırladım,
Çantamı akşamdan hazırladım,
Telefonumu şarja taktım,
Alarmımı sabah yediye kurdum,
Yatağa girmeden önce pencereleri kapattım,
Işıkları kontrol ettikten sonra odama geçtim,
Bir bardak su içtim,
Kitabımı komodinin üzerine koydum,
Telefonumu sessize aldım,
Yatağa uzandığımda günün nasıl geçtiğini düşündüm,
Bugün birçok güzel şey yaşamıştım,
Yarın yeni bir gün başlayacaktı,
Yeni günün bana yeni fırsatlar getireceğini düşündüm,
Sonra gözlerimi kapattım,
Gece sessizce uykuya daldım,
Sabah yeniden güneş doğdu,
Şehir yavaş yavaş uyanmaya başladı,
Yeni gün sakin bir şekilde başladı,
Ben de yeni güne umutla başladım,
